AnnoA;Diploma_Voto;Sesso;Imm
2009/2010;61;M;1787
2009/2010;75;M;4904
2009/2010;67;F;3272
2009/2010;72;F;5545
2009/2010;60;F;8703
2009/2010;87;M;1785
2009/2010;98;F;2586
2009/2010;63;M;2792
2009/2010;62;F;3948
2009/2010;93;F;1976
2009/2010;100;F;14484
2009/2010;101;M;945
2009/2010;81;F;2922
2009/2010;74;F;4372
2009/2010;82;M;3421
2009/2010;998;M;2754
2009/2010;70;M;8099
2009/2010;84;F;4123
2009/2010;92;M;1512
2009/2010;998;F;3473
2009/2010;80;M;6478
2009/2010;79;F;1661
2009/2010;999;M;975
2009/2010;94;M;1131
2009/2010;68;M;4761
2009/2010;91;F;1644
2009/2010;86;F;3494
2009/2010;66;M;3223
2009/2010;96;F;1867
2009/2010;85;M;2749
2009/2010;77;F;3925
2009/2010;65;F;3924
2009/2010;99;M;226
2009/2010;73;M;3009
2009/2010;78;F;5664
2009/2010;86;M;2008
2009/2010;98;M;1306
2009/2010;64;F;3136
2009/2010;97;F;1650
2009/2010;67;M;3235
2009/2010;999;F;1510
2009/2010;100;M;7883
2009/2010;73;F;3858
2009/2010;74;M;3672
2009/2010;99;F;336
2009/2010;83;M;2441
2009/2010;92;F;2581
2009/2010;85;F;4447
2009/2010;62;M;4673
2009/2010;93;M;1065
2009/2010;66;F;3142
2009/2010;81;M;1974
2009/2010;71;F;2596
2009/2010;79;M;1196
2009/2010;95;F;2339
2009/2010;72;M;4948
2009/2010;60;M;11237
2009/2010;90;F;4202
2009/2010;102;F;37
2009/2010;96;M;1029
2009/2010;88;F;3125
2009/2010;69;F;1355
2009/2010;83;F;3671
2009/2010;84;M;2658
2009/2010;89;M;763
2009/2010;76;F;4598
2009/2010;91;M;892
2009/2010;77;M;2873
2009/2010;65;M;4469
2009/2010;101;F;1489
2009/2010;78;M;4125
2009/2010;69;M;1369
2009/2010;70;F;8565
2009/2010;97;M;970
2009/2010;71;M;2198
2009/2010;82;F;5292
2009/2010;90;M;2322
2009/2010;89;F;1465
2009/2010;63;F;2379
2009/2010;87;F;3029
2009/2010;88;M;1610
2009/2010;94;F;2053
2009/2010;102;M;42
2009/2010;68;F;4748
2009/2010;76;M;3524
2009/2010;80;F;9333
2009/2010;64;M;3600
2009/2010;61;F;1516
2009/2010;95;M;1366
2009/2010;997;M;1
2009/2010;75;F;5861
2010/2011;75;F;5855
2010/2011;71;M;2063
2010/2011;101;F;1648
2010/2011;102;M;44
2010/2011;82;F;5047
2010/2011;83;M;2290
2010/2011;94;F;1874
2010/2011;64;M;3465
2010/2011;87;F;2968
2010/2011;99;F;308
2010/2011;73;F;3683
2010/2011;76;M;3416
2010/2011;88;M;1703
2010/2011;68;F;4774
2010/2011;80;F;9098
2010/2011;95;M;1308
2010/2011;61;F;1397
2010/2011;69;M;1165
2010/2011;82;M;3567
2010/2011;101;M;1117
2010/2011;74;F;4249
2010/2011;86;F;3425
2010/2011;94;M;1060
2010/2011;67;F;3056
2010/2011;63;M;2645
2010/2011;93;F;1880
2010/2011;66;F;3175
2010/2011;67;M;3158
2010/2011;93;M;1033
2010/2011;75;M;4952
2010/2011;85;F;4374
2010/2011;100;M;7787
2010/2011;62;M;4377
2010/2011;999;F;1319
2010/2011;97;F;1692
2010/2011;81;M;1858
2010/2011;91;M;808
2010/2011;90;F;4141
2010/2011;60;M;10182
2010/2011;102;F;56
2010/2011;71;F;2491
2010/2011;79;M;1093
2010/2011;998;M;2588
2010/2011;98;M;1276
2010/2011;64;F;2943
2010/2011;72;M;4766
2010/2011;90;M;2474
2010/2011;63;F;2211
2010/2011;83;F;3483
2010/2011;92;F;2542
2010/2011;74;M;3520
2010/2011;78;F;5786
2010/2011;86;M;2017
2010/2011;79;F;1641
2010/2011;80;M;6737
2010/2011;99;M;192
2010/2011;998;F;3369
2010/2011;91;F;1617
2010/2011;61;M;1605
2010/2011;68;M;4667
2010/2011;87;M;1808
2010/2011;60;F;7941
2010/2011;65;F;3943
2010/2011;85;M;2797
2010/2011;77;F;3913
2010/2011;89;F;1341
2010/2011;73;M;3091
2010/2011;98;F;2463
2010/2011;72;F;5510
2010/2011;96;M;1009
2010/2011;62;F;3830
2010/2011;65;M;4281
2010/2011;88;F;3109
2010/2011;77;M;2827
2010/2011;76;F;4330
2010/2011;89;M;714
2010/2011;81;F;2874
2010/2011;95;F;2265
2010/2011;84;M;2668
2010/2011;70;M;8150
2010/2011;100;F;14053
2010/2011;66;M;3154
2010/2011;69;F;1224
2010/2011;96;F;1782
2010/2011;70;F;8597
2010/2011;999;M;911
2010/2011;97;M;1023
2010/2011;92;M;1461
2010/2011;84;F;3914
2010/2011;78;M;4067
2011/2012;68;F;4455
2011/2012;102;M;16
2011/2012;75;F;5738
2011/2012;76;M;3373
2011/2012;94;F;1938
2011/2012;79;F;1491
2011/2012;60;F;7010
2011/2012;68;M;4539
2011/2012;94;M;1071
2011/2012;998;F;3109
2011/2012;82;M;3470
2011/2012;75;M;4683
2011/2012;63;M;2453
2011/2012;98;F;2448
2011/2012;101;M;958
2011/2012;87;M;1707
2011/2012;67;F;2867
2011/2012;86;F;3520
2011/2012;71;M;1987
2011/2012;77;F;3602
2011/2012;83;M;2267
2011/2012;95;M;1301
2011/2012;64;M;3176
2011/2012;87;F;2874
2011/2012;66;M;2954
2011/2012;97;M;948
2011/2012;96;F;1790
2011/2012;101;F;1492
2011/2012;82;F;5127
2011/2012;89;F;1409
2011/2012;85;M;2759
2011/2012;70;F;8022
2011/2012;78;M;4011
2011/2012;90;M;2357
2011/2012;63;F;2178
2011/2012;91;M;886
2011/2012;65;M;4115
2011/2012;95;F;2294
2011/2012;997;F;1
2011/2012;83;F;3603
2011/2012;998;M;2606
2011/2012;77;M;2783
2011/2012;93;F;1881
2011/2012;89;M;763
2011/2012;62;F;3525
2011/2012;81;F;2712
2011/2012;73;F;3489
2011/2012;100;M;8125
2011/2012;88;F;3118
2011/2012;100;F;14263
2011/2012;74;F;4286
2011/2012;70;M;7631
2011/2012;96;M;1025
2011/2012;69;F;1178
2011/2012;72;M;4740
2011/2012;84;M;2510
2011/2012;64;F;2798
2011/2012;76;F;4429
2011/2012;102;F;9
2011/2012;84;F;3967
2011/2012;61;M;1541
2011/2012;73;M;2989
2011/2012;72;F;5215
2011/2012;91;F;1589
2011/2012;99;M;208
2011/2012;999;M;913
2011/2012;80;M;6272
2011/2012;65;F;3650
2011/2012;92;M;1470
2011/2012;97;F;1718
2011/2012;74;M;3461
2011/2012;71;F;2437
2011/2012;93;M;1034
2011/2012;86;M;2004
2011/2012;85;F;4234
2011/2012;88;M;1797
2011/2012;60;M;9164
2011/2012;78;F;5734
2011/2012;90;F;4190
2011/2012;98;M;1329
2011/2012;66;F;3023
2011/2012;67;M;2842
2011/2012;79;M;1081
2011/2012;69;M;1165
2011/2012;99;F;307
2011/2012;61;F;1321
2011/2012;81;M;1867
2011/2012;92;F;2586
2011/2012;999;F;1402
2011/2012;80;F;9010
2011/2012;62;M;4060
2012/2013;999;M;990
2012/2013;77;F;3657
2012/2013;92;M;1217
2012/2013;65;F;3472
2012/2013;66;M;3000
2012/2013;84;F;3982
2012/2013;96;F;2206
2012/2013;73;M;2857
2012/2013;82;F;5095
2012/2013;83;M;2280
2012/2013;997;M;1
2012/2013;78;M;4176
2012/2013;70;F;7759
2012/2013;64;M;2937
2012/2013;90;M;2099
2012/2013;89;F;1510
2012/2013;101;F;1000
2012/2013;75;F;5525
2012/2013;63;F;2068
2012/2013;97;M;1104
2012/2013;71;M;2054
2012/2013;94;F;2014
2012/2013;76;F;4278
2012/2013;95;F;3002
2012/2013;998;M;2335
2012/2013;96;M;1264
2012/2013;65;M;3661
2012/2013;88;F;3358
2012/2013;84;M;2470
2012/2013;102;M;12
2012/2013;61;F;1170
2012/2013;77;M;2743
2012/2013;69;F;1120
2012/2013;87;F;3071
2012/2013;68;F;4346
2012/2013;95;M;1741
2012/2013;76;M;3297
2012/2013;85;F;4572
2012/2013;81;M;1848
2012/2013;74;M;3261
2012/2013;100;M;6756
2012/2013;66;F;2894
2012/2013;999;F;1287
2012/2013;85;M;2777
2012/2013;73;F;3394
2012/2013;92;F;2027
2012/2013;93;M;987
2012/2013;62;M;3847
2012/2013;88;M;1944
2012/2013;69;M;1090
2012/2013;99;F;377
2012/2013;80;F;8665
2012/2013;74;F;4089
2012/2013;67;F;2684
2012/2013;101;M;722
2012/2013;62;F;3328
2012/2013;63;M;2325
2012/2013;89;M;821
2012/2013;70;M;7340
2012/2013;93;F;1687
2012/2013;81;F;2784
2012/2013;82;M;3541
2012/2013;61;M;1528
2012/2013;75;M;4564
2012/2013;91;F;1402
2012/2013;87;M;1879
2012/2013;998;F;3134
2012/2013;79;F;1407
2012/2013;72;F;5061
2012/2013;68;M;4375
2012/2013;100;F;10989
2012/2013;98;F;2386
2012/2013;99;M;242
2012/2013;98;M;1332
2012/2013;71;F;2341
2012/2013;90;F;3851
2012/2013;67;M;2777
2012/2013;83;F;3599
2012/2013;60;M;8458
2012/2013;102;F;3
2012/2013;86;M;2256
2012/2013;72;M;4615
2012/2013;97;F;1938
2012/2013;91;M;817
2012/2013;79;M;999
2012/2013;64;F;2667
2012/2013;78;F;5424
2012/2013;94;M;1227
2012/2013;60;F;6411
2012/2013;86;F;3628
2012/2013;80;M;6167
2013/2014;82;M;3520
2013/2014;63;M;2355
2013/2014;93;F;1830
2013/2014;94;M;1247
2013/2014;79;F;1182
2013/2014;74;F;3812
2013/2014;68;M;4235
2013/2014;100;F;11821
2013/2014;70;M;7111
2013/2014;69;F;1058
2013/2014;88;F;3553
2013/2014;96;M;1406
2013/2014;62;F;2971
2013/2014;89;M;894
2013/2014;81;F;2826
2013/2014;77;M;2691
2013/2014;101;M;827
2013/2014;60;F;5939
2013/2014;87;M;1856
2013/2014;91;F;1434
2013/2014;99;M;346
2013/2014;65;F;3325
2013/2014;86;F;3761
2013/2014;98;F;2693
2013/2014;67;F;2585
2013/2014;75;M;4484
2013/2014;72;F;4784
2013/2014;73;M;2798
2013/2014;92;M;1261
2013/2014;61;M;1424
2013/2014;84;F;3855
2013/2014;998;F;2735
2013/2014;80;M;6570
2013/2014;999;M;1261
2013/2014;71;F;2148
2013/2014;85;F;4530
2013/2014;79;M;933
2013/2014;60;M;7946
2013/2014;999;F;1412
2013/2014;80;F;8923
2013/2014;81;M;1966
2013/2014;92;F;2078
2013/2014;69;M;1041
2013/2014;64;M;2785
2013/2014;62;M;3738
2013/2014;88;M;2016
2013/2014;73;F;3313
2013/2014;61;F;1095
2013/2014;100;M;7202
2013/2014;99;F;505
2013/2014;66;F;2659
2013/2014;93;M;1139
2013/2014;78;F;5402
2013/2014;74;M;3313
2013/2014;90;F;3997
2013/2014;86;M;2325
2013/2014;998;M;2372
2013/2014;102;F;4
2013/2014;65;M;3705
2013/2014;67;M;2675
2013/2014;97;F;2132
2013/2014;64;F;2432
2013/2014;98;M;1501
2013/2014;91;M;815
2013/2014;76;F;4178
2013/2014;84;M;2588
2013/2014;83;F;3585
2013/2014;72;M;4444
2013/2014;95;F;3046
2013/2014;997;F;1
2013/2014;85;M;2888
2013/2014;89;F;1557
2013/2014;63;F;1960
2013/2014;77;F;3398
2013/2014;78;M;3975
2013/2014;66;M;2896
2013/2014;97;M;1222
2013/2014;70;F;7296
2013/2014;96;F;2374
2013/2014;90;M;2167
2013/2014;95;M;1748
2013/2014;101;F;1198
2013/2014;87;F;3153
2013/2014;75;F;5402
2013/2014;102;M;17
2013/2014;83;M;2404
2013/2014;71;M;2024
2013/2014;94;F;2132
2013/2014;76;M;3258
2013/2014;82;F;5044
2013/2014;68;F;4155
2014/2015;74;F;3981
2014/2015;82;M;3574
2014/2015;94;M;1293
2014/2015;86;F;3795
2014/2015;67;F;2393
2014/2015;89;M;898
2014/2015;63;M;2299
2014/2015;93;F;1658
2014/2015;77;M;2716
2014/2015;69;F;978
2014/2015;95;F;3158
2014/2015;65;M;3728
2014/2015;81;F;2940
2014/2015;88;F;3743
2014/2015;84;M;2655
2014/2015;62;F;2998
2014/2015;76;F;4124
2014/2015;96;M;1435
2014/2015;100;F;11206
2014/2015;70;M;7213
2014/2015;83;M;2399
2014/2015;64;M;2845
2014/2015;82;F;5238
2014/2015;90;M;2404
2014/2015;71;M;1976
2014/2015;101;F;1432
2014/2015;75;F;5537
2014/2015;78;M;4152
2014/2015;65;F;3256
2014/2015;102;M;55
2014/2015;94;F;2139
2014/2015;63;F;2022
2014/2015;84;F;3992
2014/2015;66;M;2883
2014/2015;92;M;1265
2014/2015;85;M;2976
2014/2015;70;F;7263
2014/2015;96;F;2420
2014/2015;998;F;2402
2014/2015;68;M;4456
2014/2015;999;M;1105
2014/2015;72;F;4787
2014/2015;98;F;2534
2014/2015;99;M;249
2014/2015;60;F;5568
2014/2015;101;M;994
2014/2015;91;F;1417
2014/2015;75;M;4700
2014/2015;80;M;6588
2014/2015;87;M;1947
2014/2015;79;F;1389
2014/2015;61;M;1417
2014/2015;97;M;1271
2014/2015;89;F;1522
2014/2015;73;M;2888
2014/2015;77;F;3538
2014/2015;64;F;2301
2014/2015;72;M;4442
2014/2015;83;F;3591
2014/2015;91;M;842
2014/2015;90;F;4292
2014/2015;60;M;7673
2014/2015;102;F;45
2014/2015;98;M;1506
2014/2015;78;F;5527
2014/2015;86;M;2283
2014/2015;73;F;3405
2014/2015;100;M;7080
2014/2015;67;M;2675
2014/2015;79;M;971
2014/2015;999;F;1497
2014/2015;71;F;2186
2014/2015;85;F;4555
2014/2015;81;M;2028
2014/2015;61;F;1087
2014/2015;69;M;1019
2014/2015;87;F;3226
2014/2015;88;M;1993
2014/2015;80;F;8602
2014/2015;76;M;3382
2014/2015;99;F;398
2014/2015;95;M;1793
2014/2015;62;M;3736
2014/2015;97;F;1988
2014/2015;68;F;4134
2014/2015;92;F;1891
2014/2015;74;M;3340
2014/2015;66;F;2550
2014/2015;998;M;2159
2014/2015;93;M;1055
2015/2016;96;F;2500
2015/2016;73;M;2913
2015/2016;65;F;3103
2015/2016;66;M;2826
2015/2016;98;F;2815
2015/2016;68;M;4366
2015/2016;72;F;4817
2015/2016;99;M;268
2015/2016;79;F;1414
2015/2016;61;M;1387
2015/2016;87;M;2055
2015/2016;998;F;2583
2015/2016;80;M;6727
2015/2016;60;F;5498
2015/2016;91;F;1498
2015/2016;84;F;4100
2015/2016;85;M;3231
2015/2016;90;M;2455
2015/2016;70;F;7072
2015/2016;64;M;2696
2015/2016;999;M;997
2015/2016;77;F;3537
2015/2016;92;M;1410
2015/2016;101;F;1603
2015/2016;102;M;9
2015/2016;75;F;5311
2015/2016;63;F;1864
2015/2016;97;M;1284
2015/2016;71;M;2077
2015/2016;83;M;2625
2015/2016;89;F;1574
2015/2016;94;F;2227
2015/2016;82;F;5195
2015/2016;78;M;4414
2015/2016;84;M;2734
2015/2016;76;F;4310
2015/2016;64;F;2130
2015/2016;79;M;1038
2015/2016;83;F;3664
2015/2016;60;M;7770
2015/2016;78;F;5723
2015/2016;90;F;4470
2015/2016;62;M;3759
2015/2016;98;M;1635
2015/2016;72;M;4654
2015/2016;91;M;912
2015/2016;86;M;2404
2015/2016;102;F;19
2015/2016;71;F;2128
2015/2016;95;F;3250
2015/2016;69;F;898
2015/2016;77;M;2736
2015/2016;88;F;3819
2015/2016;70;M;7233
2015/2016;67;F;2472
2015/2016;101;M;1079
2015/2016;65;M;3705
2015/2016;998;M;2329
2015/2016;96;M;1509
2015/2016;94;M;1341
2015/2016;100;F;11913
2015/2016;75;M;4651
2015/2016;74;F;3818
2015/2016;62;F;2843
2015/2016;93;F;1793
2015/2016;89;M;921
2015/2016;82;M;3769
2015/2016;81;F;2835
2015/2016;86;F;3957
2015/2016;63;M;2245
2015/2016;87;F;3223
2015/2016;76;M;3406
2015/2016;61;F;1068
2015/2016;80;F;9110
2015/2016;68;F;3970
2015/2016;88;M;2204
2015/2016;95;M;1950
2015/2016;99;F;475
2015/2016;69;M;978
2015/2016;93;M;1116
2015/2016;92;F;2067
2015/2016;66;F;2488
2015/2016;74;M;3375
2015/2016;999;F;1337
2015/2016;97;F;2219
2015/2016;100;M;7743
2015/2016;73;F;3288
2015/2016;85;F;4745
2015/2016;81;M;1971
2015/2016;67;M;2697
2016/2017;62;F;2876
2016/2017;101;M;1326
2016/2017;89;M;1044
2016/2017;63;M;2416
2016/2017;81;F;2960
2016/2017;100;F;13384
2016/2017;82;M;3972
2016/2017;95;F;3567
2016/2017;77;M;2990
2016/2017;999;F;1427
2016/2017;69;F;995
2016/2017;91;M;926
2016/2017;83;F;3902
2016/2017;84;M;2872
2016/2017;93;F;1829
2016/2017;96;M;1670
2016/2017;88;F;4032
2016/2017;65;M;3831
2016/2017;72;M;4850
2016/2017;102;F;6
2016/2017;76;F;4370
2016/2017;89;F;1707
2016/2017;90;M;2653
2016/2017;101;F;2165
2016/2017;71;M;2114
2016/2017;97;M;1484
2016/2017;70;F;7560
2016/2017;63;F;1870
2016/2017;97;F;2373
2016/2017;67;M;2729
2016/2017;78;M;4501
2016/2017;82;F;5449
2016/2017;60;M;7939
2016/2017;79;M;1109
2016/2017;71;F;2279
2016/2017;100;M;8109
2016/2017;998;M;2707
2016/2017;66;F;2599
2016/2017;74;M;3574
2016/2017;81;M;2124
2016/2017;73;F;3391
2016/2017;74;F;3953
2016/2017;70;M;7859
2016/2017;62;M;3802
2016/2017;92;F;2049
2016/2017;93;M;1242
2016/2017;85;F;4926
2016/2017;90;F;4543
2016/2017;98;M;1642
2016/2017;64;F;2287
2016/2017;86;M;2652
2016/2017;78;F;5828
2016/2017;66;M;2954
2016/2017;92;M;1309
2016/2017;65;F;3069
2016/2017;84;F;4221
2016/2017;85;M;3275
2016/2017;99;M;309
2016/2017;73;M;3086
2016/2017;77;F;3732
2016/2017;67;F;2443
2016/2017;68;M;4526
2016/2017;94;M;1430
2016/2017;997;M;1
2016/2017;86;F;4033
2016/2017;72;F;4943
2016/2017;96;F;2756
2016/2017;91;F;1501
2016/2017;60;F;5168
2016/2017;87;M;2119
2016/2017;87;F;3423
2016/2017;998;F;2942
2016/2017;88;M;2420
2016/2017;102;M;12
2016/2017;75;F;5612
2016/2017;69;M;1025
2016/2017;83;M;2727
2016/2017;61;F;1040
2016/2017;99;F;498
2016/2017;95;M;2118
2016/2017;64;M;2823
2016/2017;76;M;3660
2016/2017;68;F;4177
2016/2017;999;M;1121
2016/2017;94;F;2437
2016/2017;80;F;9458
2016/2017;61;M;1442
2016/2017;98;F;2863
2016/2017;80;M;7067
2016/2017;75;M;4856
2016/2017;79;F;1475
2017/2018;101;M;1463
2017/2018;67;F;2521
2017/2018;100;F;13614
2017/2018;86;F;4142
2017/2018;70;M;7833
2017/2018;75;M;5036
2017/2018;89;M;1048
2017/2018;81;F;2942
2017/2018;74;M;3410
2017/2018;73;F;3404
2017/2018;100;M;8540
2017/2018;81;M;2071
2017/2018;66;F;2544
2017/2018;999;F;1662
2017/2018;62;M;3994
2017/2018;85;F;4962
2017/2018;93;M;1206
2017/2018;92;F;1990
2017/2018;63;M;2434
2017/2018;62;F;3001
2017/2018;95;F;3527
2017/2018;74;F;3933
2017/2018;93;F;1923
2017/2018;82;M;3846
2017/2018;77;M;2874
2017/2018;76;F;4403
2017/2018;84;M;2882
2017/2018;96;M;1729
2017/2018;998;M;2983
2017/2018;69;F;901
2017/2018;88;F;4211
2017/2018;65;M;3873
2017/2018;63;F;1888
2017/2018;78;M;4484
2017/2018;64;M;2960
2017/2018;90;M;2806
2017/2018;75;F;5588
2017/2018;101;F;2272
2017/2018;997;M;1
2017/2018;99;F;489
2017/2018;88;M;2313
2017/2018;79;F;1405
2017/2018;61;F;1072
2017/2018;95;M;2155
2017/2018;69;M;884
2017/2018;87;F;3452
2017/2018;68;F;4143
2017/2018;76;M;3647
2017/2018;80;F;9429
2017/2018;97;M;1425
2017/2018;94;F;2400
2017/2018;89;F;1722
2017/2018;102;M;8
2017/2018;71;M;2064
2017/2018;72;M;4773
2017/2018;78;F;5869
2017/2018;83;M;2668
2017/2018;82;F;5555
2017/2018;70;F;7547
2017/2018;79;M;1069
2017/2018;71;F;2289
2017/2018;83;F;3783
2017/2018;67;M;2702
2017/2018;98;M;1669
2017/2018;64;F;2307
2017/2018;90;F;4792
2017/2018;60;M;8235
2017/2018;102;F;8
2017/2018;86;M;2567
2017/2018;91;M;919
2017/2018;97;F;2417
2017/2018;84;F;4280
2017/2018;92;M;1333
2017/2018;77;F;3752
2017/2018;999;M;1238
2017/2018;96;F;2851
2017/2018;66;M;2950
2017/2018;73;M;3042
2017/2018;65;F;3140
2017/2018;85;M;3286
2017/2018;103;F;1
2017/2018;68;M;4324
2017/2018;94;M;1504
2017/2018;80;M;7119
2017/2018;998;F;3282
2017/2018;72;F;4886
2017/2018;91;F;1584
2017/2018;99;M;343
2017/2018;60;F;5581
2017/2018;87;M;2270
2017/2018;98;F;2968
2017/2018;61;M;1540
2018/2019;74;M;3472
2018/2019;66;F;2412
2018/2019;100;M;9140
2018/2019;999;F;1931
2018/2019;73;F;3338
2018/2019;85;F;5143
2018/2019;93;M;1271
2018/2019;81;M;2248
2018/2019;95;M;2261
2018/2019;68;F;4137
2018/2019;69;M;870
2018/2019;99;F;539
2018/2019;61;F;998
2018/2019;76;M;3680
2018/2019;88;M;2472
2018/2019;87;F;3663
2018/2019;80;F;9673
2018/2019;93;F;1905
2018/2019;70;M;7719
2018/2019;101;M;1615
2018/2019;67;F;2438
2018/2019;82;M;4087
2018/2019;81;F;2961
2018/2019;74;F;4074
2018/2019;89;M;1057
2018/2019;62;F;2714
2018/2019;75;F;5730
2018/2019;63;M;2283
2018/2019;86;F;4159
2018/2019;100;F;15026
2018/2019;90;M;2868
2018/2019;82;F;5783
2018/2019;64;M;2763
2018/2019;70;F;7547
2018/2019;101;F;2638
2018/2019;102;M;21
2018/2019;65;F;3085
2018/2019;92;M;1399
2018/2019;77;F;3694
2018/2019;96;F;3014
2018/2019;73;M;3184
2018/2019;66;M;2898
2018/2019;999;M;1568
2018/2019;92;F;2078
2018/2019;62;M;3754
2018/2019;84;F;4442
2018/2019;83;M;2666
2018/2019;85;M;3425
2018/2019;89;F;1792
2018/2019;97;M;1527
2018/2019;71;M;2015
2018/2019;63;F;1801
2018/2019;997;M;4
2018/2019;94;F;2406
2018/2019;78;M;4636
2018/2019;76;F;4458
2018/2019;88;F;4337
2018/2019;65;M;3794
2018/2019;95;F;3725
2018/2019;998;M;3215
2018/2019;96;M;1777
2018/2019;84;M;2923
2018/2019;102;F;9
2018/2019;86;M;2697
2018/2019;64;F;2215
2018/2019;67;M;2700
2018/2019;90;F;5195
2018/2019;77;M;2979
2018/2019;69;F;887
2018/2019;997;F;5
2018/2019;78;F;6176
2018/2019;79;M;1021
2018/2019;998;F;3512
2018/2019;79;F;1379
2018/2019;87;M;2285
2018/2019;61;M;1390
2018/2019;68;M;4503
2018/2019;60;F;5068
2018/2019;91;F;1607
2018/2019;75;M;5040
2018/2019;94;M;1474
2018/2019;80;M;7351
2018/2019;99;M;346
2018/2019;98;F;3303
2018/2019;72;F;4777
2018/2019;60;M;7718
2018/2019;71;F;2066
2018/2019;98;M;1892
2018/2019;72;M;4742
2018/2019;83;F;3951
2018/2019;91;M;930
2018/2019;97;F;2667
2019/2020;92;F;3745
2019/2020;62;M;4087
2019/2020;80;F;8748
2019/2020;88;M;2203
2019/2020;87;F;2622
2019/2020;83;M;2111
2019/2020;75;F;5989
2019/2020;71;M;2767
2019/2020;102;M;86
2019/2020;90;M;3539
2019/2020;68;F;4764
2019/2020;76;M;3925
2019/2020;997;M;12
2019/2020;95;M;2084
2019/2020;94;F;2937
2019/2020;64;M;3225
2019/2020;100;M;9494
2019/2020;61;F;1224
2019/2020;66;F;3097
2019/2020;69;M;1387
2019/2020;99;F;480
2019/2020;999;F;1887
2019/2020;81;M;2290
2019/2020;73;F;4186
2019/2020;78;F;5885
2019/2020;74;M;3886
2019/2020;60;M;7776
2019/2020;86;M;2028
2019/2020;67;M;3448
2019/2020;97;F;2446
2019/2020;98;M;1498
2019/2020;90;F;5742
2019/2020;71;F;3008
2019/2020;85;F;4171
2019/2020;93;M;1788
2019/2020;79;M;1503
2019/2020;73;M;3653
2019/2020;65;F;3645
2019/2020;72;F;5679
2019/2020;99;M;296
2019/2020;98;F;2969
2019/2020;94;M;1702
2019/2020;67;F;3278
2019/2020;63;M;2817
2019/2020;79;F;2060
2019/2020;81;F;3263
2019/2020;77;M;3307
2019/2020;60;F;5153
2019/2020;68;M;5084
2019/2020;86;F;3350
2019/2020;82;M;3145
2019/2020;74;F;4760
2019/2020;101;M;1924
2019/2020;93;F;2831
2019/2020;75;M;5142
2019/2020;87;M;1679
2019/2020;92;M;2244
2019/2020;91;F;2588
2019/2020;998;F;3879
2019/2020;61;M;1819
2019/2020;89;F;1871
2019/2020;63;F;2210
2019/2020;85;M;2597
2019/2020;84;F;3727
2019/2020;999;M;1528
2019/2020;80;M;6285
2019/2020;77;F;4184
2019/2020;70;F;8485
2019/2020;78;M;4475
2019/2020;97;M;1415
2019/2020;101;F;3039
2019/2020;66;M;3593
2019/2020;82;F;4647
2019/2020;96;F;2742
2019/2020;102;F;32
2019/2020;998;M;3768
2019/2020;65;M;4405
2019/2020;83;F;3396
2019/2020;72;M;5360
2019/2020;76;F;4918
2019/2020;95;F;3476
2019/2020;997;F;9
2019/2020;64;F;2672
2019/2020;91;M;1539
2019/2020;84;M;2342
2019/2020;89;M;1149
2019/2020;62;F;2986
2019/2020;96;M;1630
2019/2020;70;M;8569
2019/2020;88;F;3589
2019/2020;100;F;15008
2019/2020;69;F;1454
2020/2021;101;M;2999
2020/2021;93;F;3729
2020/2021;67;F;2098
2020/2021;89;M;1092
2020/2021;63;M;1965
2020/2021;62;F;2180
2020/2021;75;M;5272
2020/2021;81;F;2417
2020/2021;82;M;4309
2020/2021;74;F;3441
2020/2021;94;M;2272
2020/2021;100;F;26699
2020/2021;79;F;1020
2020/2021;60;F;4184
2020/2021;80;M;7533
2020/2021;998;F;4067
2020/2021;72;F;4664
2020/2021;99;M;622
2020/2021;98;F;5352
2020/2021;68;M;4102
2020/2021;91;F;2173
2020/2021;61;M;1186
2020/2021;87;M;2525
2020/2021;97;F;4779
2020/2021;999;F;2818
2020/2021;62;M;3287
2020/2021;92;F;5024
2020/2021;93;M;2370
2020/2021;78;F;5384
2020/2021;66;F;2063
2020/2021;74;M;3125
2020/2021;100;M;15055
2020/2021;85;F;5307
2020/2021;73;M;2827
2020/2021;73;F;2894
2020/2021;81;M;1804
2020/2021;999;M;2060
2020/2021;96;F;4853
2020/2021;66;M;2612
2020/2021;77;F;3188
2020/2021;85;M;4078
2020/2021;82;F;5434
2020/2021;101;F;5593
2020/2021;63;F;1397
2020/2021;83;M;2284
2020/2021;97;M;2849
2020/2021;70;F;6873
2020/2021;997;M;11
2020/2021;78;M;4666
2020/2021;64;M;2389
2020/2021;70;M;7981
2020/2021;86;F;3788
2020/2021;94;F;3649
2020/2021;71;M;1794
2020/2021;102;M;212
2020/2021;90;M;5109
2020/2021;89;F;1567
2020/2021;75;F;5491
2020/2021;84;F;3734
2020/2021;92;M;2913
2020/2021;65;F;2732
2020/2021;64;F;1757
2020/2021;98;M;2976
2020/2021;72;M;4882
2020/2021;71;F;1691
2020/2021;60;M;6873
2020/2021;83;F;3320
2020/2021;86;M;2653
2020/2021;102;F;92
2020/2021;79;M;772
2020/2021;997;F;9
2020/2021;91;M;1387
2020/2021;77;M;2794
2020/2021;95;F;5874
2020/2021;65;M;3794
2020/2021;90;F;8022
2020/2021;67;M;2513
2020/2021;998;M;3856
2020/2021;96;M;2954
2020/2021;69;F;813
2020/2021;99;F;914
2020/2021;80;F;9230
2020/2021;88;M;3074
2020/2021;61;F;722
2020/2021;68;F;3432
2020/2021;69;M;857
2020/2021;95;M;3669
2020/2021;87;F;3491
2020/2021;76;M;3346
2020/2021;76;F;3679
2020/2021;84;M;2740
2020/2021;88;F;4752
2021/2022;86;M;2734
2021/2022;64;F;1343
2021/2022;60;M;6022
2021/2022;78;F;4773
2021/2022;79;M;668
2021/2022;997;F;7
2021/2022;83;F;3078
2021/2022;90;M;5012
2021/2022;63;F;1049
2021/2022;71;M;1442
2021/2022;64;M;2095
2021/2022;89;F;1545
2021/2022;101;F;6544
2021/2022;82;F;4695
2021/2022;997;M;10
2021/2022;97;M;2342
2021/2022;70;F;5858
2021/2022;78;M;4457
2021/2022;67;M;2064
2021/2022;71;F;1332
2021/2022;97;F;3774
2021/2022;66;F;1502
2021/2022;72;M;4275
2021/2022;102;F;205
2021/2022;90;F;7747
2021/2022;98;M;3604
2021/2022;85;F;4925
2021/2022;93;M;2121
2021/2022;999;F;3520
2021/2022;74;M;2776
2021/2022;73;F;2419
2021/2022;81;M;1669
2021/2022;92;F;5007
2021/2022;62;M;2765
2021/2022;100;M;19909
2021/2022;80;M;7548
2021/2022;98;F;6168
2021/2022;99;M;450
2021/2022;86;F;3515
2021/2022;72;F;3839
2021/2022;68;M;3420
2021/2022;77;F;2766
2021/2022;60;F;3647
2021/2022;65;F;2166
2021/2022;73;M;2499
2021/2022;92;M;2982
2021/2022;96;F;4622
2021/2022;998;F;5305
2021/2022;84;M;2697
2021/2022;85;M;4071
2021/2022;66;M;2132
2021/2022;84;F;3380
2021/2022;999;M;2488
2021/2022;79;F;802
2021/2022;67;F;1686
2021/2022;94;M;2258
2021/2022;61;M;828
2021/2022;75;M;5110
2021/2022;75;F;4964
2021/2022;102;M;313
2021/2022;88;M;3204
2021/2022;80;F;8602
2021/2022;91;F;2000
2021/2022;87;M;2473
2021/2022;61;F;476
2021/2022;83;M;2287
2021/2022;87;F;3288
2021/2022;68;F;2745
2021/2022;94;F;3664
2021/2022;69;M;683
2021/2022;76;M;3047
2021/2022;95;M;3585
2021/2022;99;F;622
2021/2022;100;F;35376
2021/2022;82;M;4139
2021/2022;62;F;1800
2021/2022;89;M;1297
2021/2022;70;M;7058
2021/2022;91;M;1339
2021/2022;74;F;2812
2021/2022;101;M;3409
2021/2022;93;F;3640
2021/2022;81;F;1904
2021/2022;63;M;1630
2021/2022;77;M;2535
2021/2022;76;F;3276
2021/2022;998;M;4808
2021/2022;96;M;2968
2021/2022;88;F;4378
2021/2022;103;M;1
2021/2022;95;F;5685
2021/2022;65;M;3138
2021/2022;69;F;627
2022/2023;82;F;5261
2022/2023;63;F;1254
2022/2023;90;M;5145
2022/2023;97;M;2353
2022/2023;89;F;1721
2022/2023;78;M;4954
2022/2023;101;F;7143
2022/2023;997;M;14
2022/2023;75;F;5459
2022/2023;80;F;8409
2022/2023;64;M;2211
2022/2023;61;F;556
2022/2023;95;M;3296
2022/2023;94;F;4044
2022/2023;87;F;3417
2022/2023;88;M;3182
2022/2023;83;M;2772
2022/2023;69;M;871
2022/2023;76;M;3864
2022/2023;68;F;3018
2022/2023;102;M;324
2022/2023;99;F;926
2022/2023;89;M;1225
2022/2023;63;M;1762
2022/2023;93;F;4088
2022/2023;74;F;3485
2022/2023;101;M;3951
2022/2023;81;F;2529
2022/2023;100;F;26309
2022/2023;70;M;7173
2022/2023;73;F;3151
2022/2023;74;M;3273
2022/2023;82;M;4102
2022/2023;62;F;1833
2022/2023;999;F;3704
2022/2023;92;F;5221
2022/2023;100;M;15455
2022/2023;67;M;2307
2022/2023;83;F;3526
2022/2023;98;M;2940
2022/2023;97;F;3731
2022/2023;72;M;4594
2022/2023;997;F;10
2022/2023;78;F;5657
2022/2023;79;M;1191
2022/2023;102;F;236
2022/2023;71;F;1927
2022/2023;70;F;6100
2022/2023;71;M;1955
2022/2023;86;M;2845
2022/2023;60;M;5405
2022/2023;64;F;1572
2022/2023;90;F;7848
2022/2023;62;M;2758
2022/2023;85;F;4784
2022/2023;93;M;2508
2022/2023;81;M;1972
2022/2023;66;F;1730
2022/2023;87;M;2424
2022/2023;86;F;3830
2022/2023;79;F;1352
2022/2023;75;M;5408
2022/2023;98;F;5124
2022/2023;61;M;919
2022/2023;60;F;3490
2022/2023;67;F;1928
2022/2023;68;M;3637
2022/2023;94;M;2419
2022/2023;80;M;7140
2022/2023;72;F;4397
2022/2023;92;M;3307
2022/2023;77;F;3428
2022/2023;66;M;2340
2022/2023;96;F;4497
2022/2023;998;F;6503
2022/2023;99;M;637
2022/2023;84;F;3724
2022/2023;91;F;2749
2022/2023;999;M;2648
2022/2023;84;M;2659
2022/2023;95;F;5229
2022/2023;69;F;872
2022/2023;998;M;5719
2022/2023;65;M;3202
2022/2023;96;M;2661
2022/2023;88;F;4840
2022/2023;77;M;3046
2022/2023;91;M;1843
2022/2023;76;F;4118
2022/2023;85;M;3605
2022/2023;73;M;3069
2022/2023;65;F;2394
2023/2024;66;F;2717
2023/2024;60;M;6400
2023/2024;86;M;2400
2023/2024;71;F;2933
2023/2024;85;F;4833
2023/2024;68;M;4515
2023/2024;74;M;4022
2023/2024;97;F;3008
2023/2024;98;F;3699
2023/2024;82;M;3825
2023/2024;94;M;2065
2023/2024;60;F;4562
2023/2024;86;F;3502
2023/2024;79;F;1922
2023/2024;87;M;1961
2023/2024;75;M;5651
2023/2024;67;F;2893
2023/2024;101;M;3277
2023/2024;83;F;3993
2023/2024;91;M;1752
2023/2024;79;M;1414
2023/2024;78;F;6206
2023/2024;93;M;2209
2023/2024;98;M;2037
2023/2024;67;M;3126
2023/2024;90;F;7280
2023/2024;998;M;6061
2023/2024;76;F;5012
2023/2024;65;M;4010
2023/2024;64;F;2353
2023/2024;997;F;33
2023/2024;95;F;4194
2023/2024;84;M;2757
2023/2024;102;F;723
2023/2024;72;M;5504
2023/2024;82;F;5404
2023/2024;66;M;3166
2023/2024;89;F;1852
2023/2024;97;M;1811
2023/2024;63;F;1960
2023/2024;77;F;4232
2023/2024;71;M;2732
2023/2024;84;F;4156
2023/2024;73;M;3706
2023/2024;99;M;364
2023/2024;72;F;5552
2023/2024;998;F;6986
2023/2024;61;F;1041
2023/2024;62;M;3456
2023/2024;88;M;2640
2023/2024;80;M;7192
2023/2024;999;M;2772
2023/2024;61;M;1470
2023/2024;92;M;2871
2023/2024;65;F;3324
2023/2024;91;F;2741
2023/2024;90;M;4455
2023/2024;96;F;3600
2023/2024;78;M;5006
2023/2024;70;F;8189
2023/2024;63;M;2405
2023/2024;100;F;20870
2023/2024;77;M;3523
2023/2024;85;M;3177
2023/2024;101;F;6029
2023/2024;62;F;2652
2023/2024;69;F;1377
2023/2024;88;F;3900
2023/2024;89;M;1285
2023/2024;93;F;3528
2023/2024;74;F;4605
2023/2024;81;F;3493
2023/2024;70;M;8168
2023/2024;96;M;2133
2023/2024;83;M;2675
2023/2024;76;M;4253
2023/2024;102;M;659
2023/2024;75;F;6281
2023/2024;94;F;3396
2023/2024;87;F;2741
2023/2024;64;M;2832
2023/2024;997;M;22
2023/2024;95;M;2617
2023/2024;68;F;4321
2023/2024;73;F;4228
2023/2024;81;M;2510
2023/2024;99;F;561
2023/2024;92;F;4693
2023/2024;69;M;1299
2023/2024;100;M;12789
2023/2024;80;F;9352
2023/2024;999;F;3927
2024/2025;65;F;3558
2024/2025;73;M;3912
2024/2025;96;F;3496
2024/2025;999;M;2903
2024/2025;85;M;3122
2024/2025;92;M;2869
2024/2025;84;F;4284
2024/2025;66;M;3519
2024/2025;68;M;4850
2024/2025;80;M;7172
2024/2025;98;F;3481
2024/2025;94;M;2058
2024/2025;75;M;5798
2024/2025;91;F;2762
2024/2025;87;M;1919
2024/2025;72;F;6092
2024/2025;60;F;4844
2024/2025;61;M;1627
2024/2025;86;F;3532
2024/2025;99;M;366
2024/2025;79;F;2167
2024/2025;998;F;8232
2024/2025;92;F;4693
2024/2025;100;M;12320
2024/2025;66;F;2989
2024/2025;81;M;2537
2024/2025;74;M;4243
2024/2025;73;F;4485
2024/2025;74;F;4971
2024/2025;93;M;2069
2024/2025;85;F;4670
2024/2025;62;M;3744
2024/2025;63;M;2679
2024/2025;67;F;3324
2024/2025;81;F;3585
2024/2025;89;M;1287
2024/2025;100;F;20141
2024/2025;101;M;3365
2024/2025;65;M;4103
2024/2025;77;M;3647
2024/2025;103;M;1
2024/2025;95;F;4168
2024/2025;76;F;5251
2024/2025;88;F;4004
2024/2025;77;F;4483
2024/2025;998;M;7928
2024/2025;96;M;2131
2024/2025;69;F;1612
2024/2025;84;M;2713
2024/2025;70;M;8719
2024/2025;82;M;3721
2024/2025;62;F;2790
2024/2025;93;F;3565
2024/2025;88;M;2586
2024/2025;87;F;2774
2024/2025;95;M;2474
2024/2025;61;F;1166
2024/2025;80;F;9617
2024/2025;69;M;1451
2024/2025;83;M;2584
2024/2025;89;F;1896
2024/2025;75;F;6731
2024/2025;78;M;5130
2024/2025;76;M;4175
2024/2025;99;F;568
2024/2025;102;M;414
2024/2025;68;F;4778
2024/2025;63;F;2176
2024/2025;997;M;26
2024/2025;94;F;3322
2024/2025;64;M;3200
2024/2025;86;M;2426
2024/2025;64;F;2600
2024/2025;997;F;28
2024/2025;78;F;6514
2024/2025;72;M;5622
2024/2025;90;F;7111
2024/2025;102;F;467
2024/2025;79;M;1653
2024/2025;60;M;6818
2024/2025;91;M;1654
2024/2025;999;F;3941
2024/2025;71;F;3101
2024/2025;98;M;1917
2024/2025;83;F;4040
2024/2025;84;9;1
2024/2025;67;M;3346
2024/2025;97;F;2956
2024/2025;101;F;5720
2024/2025;97;M;1760
2024/2025;71;M;2916
2024/2025;70;F;8737
2024/2025;82;F;5272
2024/2025;90;M;4443
