ANNO;CL_ETA';COD_QUALIFICA;DESC_QUALIFICA;N_PERS_DR
1997;Età sconosciuta;3RU;Ricercatore a tempo indeterminato;11
1997;30 - 34;1PO;Professore I fascia (ordinario);9
1997;35 - 39;1PO;Professore I fascia (ordinario);95
1997;40 - 44;1PO;Professore I fascia (ordinario);435
1997;45 - 49;1PO;Professore I fascia (ordinario);1527
1997;50 - 54;1PO;Professore I fascia (ordinario);2763
1997;55 - 59;1PO;Professore I fascia (ordinario);3369
1997;60 - 64;1PO;Professore I fascia (ordinario);2388
1997;>= 65;1PO;Professore I fascia (ordinario);2815
1997;30 - 34;2PA;Professore II fascia (associato);29
1997;35 - 39;2PA;Professore II fascia (associato);491
1997;40 - 44;2PA;Professore II fascia (associato);1479
1997;45 - 49;2PA;Professore II fascia (associato);3283
1997;50 - 54;2PA;Professore II fascia (associato);4447
1997;55 - 59;2PA;Professore II fascia (associato);3192
1997;60 - 64;2PA;Professore II fascia (associato);1625
1997;>= 65;2PA;Professore II fascia (associato);1072
1997;< 25;3RU;Ricercatore a tempo indeterminato;1
1997;25 - 29;3RU;Ricercatore a tempo indeterminato;282
1997;30 - 34;3RU;Ricercatore a tempo indeterminato;2852
1997;35 - 39;3RU;Ricercatore a tempo indeterminato;4574
1997;40 - 44;3RU;Ricercatore a tempo indeterminato;3493
1997;45 - 49;3RU;Ricercatore a tempo indeterminato;5152
1997;50 - 54;3RU;Ricercatore a tempo indeterminato;2873
1997;55 - 59;3RU;Ricercatore a tempo indeterminato;717
1997;60 - 64;3RU;Ricercatore a tempo indeterminato;182
1997;>= 65;3RU;Ricercatore a tempo indeterminato;31
1998;30 - 34;1PO;Professore I fascia (ordinario);3
1998;35 - 39;1PO;Professore I fascia (ordinario);56
1998;40 - 44;1PO;Professore I fascia (ordinario);364
1998;45 - 49;1PO;Professore I fascia (ordinario);1182
1998;50 - 54;1PO;Professore I fascia (ordinario);2586
1998;55 - 59;1PO;Professore I fascia (ordinario);3376
1998;60 - 64;1PO;Professore I fascia (ordinario);2614
1998;>= 65;1PO;Professore I fascia (ordinario);3219
1998;Età sconosciuta;1PO;Professore I fascia (ordinario);1
1998;30 - 34;2PA;Professore II fascia (associato);8
1998;35 - 39;2PA;Professore II fascia (associato);340
1998;40 - 44;2PA;Professore II fascia (associato);1304
1998;45 - 49;2PA;Professore II fascia (associato);2682
1998;50 - 54;2PA;Professore II fascia (associato);4640
1998;55 - 59;2PA;Professore II fascia (associato);3401
1998;60 - 64;2PA;Professore II fascia (associato);1932
1998;>= 65;2PA;Professore II fascia (associato);1312
1998;25 - 29;3RU;Ricercatore a tempo indeterminato;137
1998;30 - 34;3RU;Ricercatore a tempo indeterminato;2178
1998;35 - 39;3RU;Ricercatore a tempo indeterminato;4521
1998;40 - 44;3RU;Ricercatore a tempo indeterminato;3615
1998;45 - 49;3RU;Ricercatore a tempo indeterminato;4887
1998;50 - 54;3RU;Ricercatore a tempo indeterminato;3645
1998;55 - 59;3RU;Ricercatore a tempo indeterminato;901
1998;60 - 64;3RU;Ricercatore a tempo indeterminato;237
1998;>= 65;3RU;Ricercatore a tempo indeterminato;55
1998;Età sconosciuta;3RU;Ricercatore a tempo indeterminato;11
1999;30 - 34;1PO;Professore I fascia (ordinario);3
1999;35 - 39;1PO;Professore I fascia (ordinario);56
1999;40 - 44;1PO;Professore I fascia (ordinario);349
1999;45 - 49;1PO;Professore I fascia (ordinario);944
1999;50 - 54;1PO;Professore I fascia (ordinario);2508
1999;55 - 59;1PO;Professore I fascia (ordinario);3216
1999;60 - 64;1PO;Professore I fascia (ordinario);2842
1999;>= 65;1PO;Professore I fascia (ordinario);2994
1999;25 - 29;2PA;Professore II fascia (associato);1
1999;30 - 34;2PA;Professore II fascia (associato);228
1999;35 - 39;2PA;Professore II fascia (associato);1187
1999;40 - 44;2PA;Professore II fascia (associato);2100
1999;45 - 49;2PA;Professore II fascia (associato);2808
1999;50 - 54;2PA;Professore II fascia (associato);4864
1999;55 - 59;2PA;Professore II fascia (associato);3555
1999;60 - 64;2PA;Professore II fascia (associato);2121
1999;>= 65;2PA;Professore II fascia (associato);1168
1999;< 25;3RU;Ricercatore a tempo indeterminato;2
1999;25 - 29;3RU;Ricercatore a tempo indeterminato;216
1999;30 - 34;3RU;Ricercatore a tempo indeterminato;2403
1999;35 - 39;3RU;Ricercatore a tempo indeterminato;4309
1999;40 - 44;3RU;Ricercatore a tempo indeterminato;3241
1999;45 - 49;3RU;Ricercatore a tempo indeterminato;3871
1999;50 - 54;3RU;Ricercatore a tempo indeterminato;4149
1999;55 - 59;3RU;Ricercatore a tempo indeterminato;1026
1999;60 - 64;3RU;Ricercatore a tempo indeterminato;290
1999;>= 65;3RU;Ricercatore a tempo indeterminato;48
1999;Età sconosciuta;3RU;Ricercatore a tempo indeterminato;2
2000;30 - 34;1PO;Professore I fascia (ordinario);10
2000;35 - 39;1PO;Professore I fascia (ordinario);190
2000;40 - 44;1PO;Professore I fascia (ordinario);701
2000;45 - 49;1PO;Professore I fascia (ordinario);1290
2000;50 - 54;1PO;Professore I fascia (ordinario);3119
2000;55 - 59;1PO;Professore I fascia (ordinario);3346
2000;60 - 64;1PO;Professore I fascia (ordinario);3232
2000;>= 65;1PO;Professore I fascia (ordinario);3138
2000;25 - 29;2PA;Professore II fascia (associato);1
2000;30 - 34;2PA;Professore II fascia (associato);232
2000;35 - 39;2PA;Professore II fascia (associato);1315
2000;40 - 44;2PA;Professore II fascia (associato);2160
2000;45 - 49;2PA;Professore II fascia (associato);2379
2000;50 - 54;2PA;Professore II fascia (associato);4391
2000;55 - 59;2PA;Professore II fascia (associato);3347
2000;60 - 64;2PA;Professore II fascia (associato);2235
2000;>= 65;2PA;Professore II fascia (associato);1199
2000;25 - 29;3RU;Ricercatore a tempo indeterminato;247
2000;30 - 34;3RU;Ricercatore a tempo indeterminato;2465
2000;35 - 39;3RU;Ricercatore a tempo indeterminato;4366
2000;40 - 44;3RU;Ricercatore a tempo indeterminato;3417
2000;45 - 49;3RU;Ricercatore a tempo indeterminato;3115
2000;50 - 54;3RU;Ricercatore a tempo indeterminato;4417
2000;55 - 59;3RU;Ricercatore a tempo indeterminato;1225
2000;60 - 64;3RU;Ricercatore a tempo indeterminato;370
2000;>= 65;3RU;Ricercatore a tempo indeterminato;46
2001;30 - 34;1PO;Professore I fascia (ordinario);22
2001;35 - 39;1PO;Professore I fascia (ordinario);295
2001;40 - 44;1PO;Professore I fascia (ordinario);963
2001;45 - 49;1PO;Professore I fascia (ordinario);1563
2001;50 - 54;1PO;Professore I fascia (ordinario);3335
2001;55 - 59;1PO;Professore I fascia (ordinario);3835
2001;60 - 64;1PO;Professore I fascia (ordinario);3583
2001;>= 65;1PO;Professore I fascia (ordinario);3295
2001;25 - 29;2PA;Professore II fascia (associato);8
2001;30 - 34;2PA;Professore II fascia (associato);318
2001;35 - 39;2PA;Professore II fascia (associato);1788
2001;40 - 44;2PA;Professore II fascia (associato);2555
2001;45 - 49;2PA;Professore II fascia (associato);2460
2001;50 - 54;2PA;Professore II fascia (associato);3862
2001;55 - 59;2PA;Professore II fascia (associato);3421
2001;60 - 64;2PA;Professore II fascia (associato);2252
2001;>= 65;2PA;Professore II fascia (associato);1211
2001;< 25;3RU;Ricercatore a tempo indeterminato;1
2001;25 - 29;3RU;Ricercatore a tempo indeterminato;300
2001;30 - 34;3RU;Ricercatore a tempo indeterminato;2539
2001;35 - 39;3RU;Ricercatore a tempo indeterminato;4330
2001;40 - 44;3RU;Ricercatore a tempo indeterminato;3715
2001;45 - 49;3RU;Ricercatore a tempo indeterminato;2934
2001;50 - 54;3RU;Ricercatore a tempo indeterminato;4132
2001;55 - 59;3RU;Ricercatore a tempo indeterminato;1638
2001;60 - 64;3RU;Ricercatore a tempo indeterminato;439
2001;>= 65;3RU;Ricercatore a tempo indeterminato;62
2002;30 - 34;1PO;Professore I fascia (ordinario);18
2002;35 - 39;1PO;Professore I fascia (ordinario);383
2002;40 - 44;1PO;Professore I fascia (ordinario);1071
2002;45 - 49;1PO;Professore I fascia (ordinario);1738
2002;50 - 54;1PO;Professore I fascia (ordinario);3278
2002;55 - 59;1PO;Professore I fascia (ordinario);4222
2002;60 - 64;1PO;Professore I fascia (ordinario);3909
2002;>= 65;1PO;Professore I fascia (ordinario);3511
2002;25 - 29;2PA;Professore II fascia (associato);10
2002;30 - 34;2PA;Professore II fascia (associato);411
2002;35 - 39;2PA;Professore II fascia (associato);1950
2002;40 - 44;2PA;Professore II fascia (associato);2992
2002;45 - 49;2PA;Professore II fascia (associato);2641
2002;50 - 54;2PA;Professore II fascia (associato);3399
2002;55 - 59;2PA;Professore II fascia (associato);3548
2002;60 - 64;2PA;Professore II fascia (associato);2351
2002;>= 65;2PA;Professore II fascia (associato);1201
2002;< 25;3RU;Ricercatore a tempo indeterminato;5
2002;25 - 29;3RU;Ricercatore a tempo indeterminato;428
2002;30 - 34;3RU;Ricercatore a tempo indeterminato;2765
2002;35 - 39;3RU;Ricercatore a tempo indeterminato;4620
2002;40 - 44;3RU;Ricercatore a tempo indeterminato;3800
2002;45 - 49;3RU;Ricercatore a tempo indeterminato;2834
2002;50 - 54;3RU;Ricercatore a tempo indeterminato;3704
2002;55 - 59;3RU;Ricercatore a tempo indeterminato;2116
2002;60 - 64;3RU;Ricercatore a tempo indeterminato;550
2002;>= 65;3RU;Ricercatore a tempo indeterminato;78
2003;30 - 34;1PO;Professore I fascia (ordinario);12
2003;35 - 39;1PO;Professore I fascia (ordinario);291
2003;40 - 44;1PO;Professore I fascia (ordinario);966
2003;45 - 49;1PO;Professore I fascia (ordinario);1703
2003;50 - 54;1PO;Professore I fascia (ordinario);2839
2003;55 - 59;1PO;Professore I fascia (ordinario);4348
2003;60 - 64;1PO;Professore I fascia (ordinario);4069
2003;>= 65;1PO;Professore I fascia (ordinario);3729
2003;25 - 29;2PA;Professore II fascia (associato);3
2003;30 - 34;2PA;Professore II fascia (associato);264
2003;35 - 39;2PA;Professore II fascia (associato);1639
2003;40 - 44;2PA;Professore II fascia (associato);2925
2003;45 - 49;2PA;Professore II fascia (associato);2787
2003;50 - 54;2PA;Professore II fascia (associato);3070
2003;55 - 59;2PA;Professore II fascia (associato);3725
2003;60 - 64;2PA;Professore II fascia (associato);2393
2003;>= 65;2PA;Professore II fascia (associato);1291
2003;< 25;3RU;Ricercatore a tempo indeterminato;1
2003;25 - 29;3RU;Ricercatore a tempo indeterminato;210
2003;30 - 34;3RU;Ricercatore a tempo indeterminato;2214
2003;35 - 39;3RU;Ricercatore a tempo indeterminato;4475
2003;40 - 44;3RU;Ricercatore a tempo indeterminato;3920
2003;45 - 49;3RU;Ricercatore a tempo indeterminato;2927
2003;50 - 54;3RU;Ricercatore a tempo indeterminato;3398
2003;55 - 59;3RU;Ricercatore a tempo indeterminato;2541
2003;60 - 64;3RU;Ricercatore a tempo indeterminato;644
2003;>= 65;3RU;Ricercatore a tempo indeterminato;96
2004;30 - 34;1PO;Professore I fascia (ordinario);9
2004;35 - 39;1PO;Professore I fascia (ordinario);232
2004;40 - 44;1PO;Professore I fascia (ordinario);911
2004;45 - 49;1PO;Professore I fascia (ordinario);1715
2004;50 - 54;1PO;Professore I fascia (ordinario);2530
2004;55 - 59;1PO;Professore I fascia (ordinario);4502
2004;60 - 64;1PO;Professore I fascia (ordinario);4068
2004;>= 65;1PO;Professore I fascia (ordinario);4103
2004;25 - 29;2PA;Professore II fascia (associato);3
2004;30 - 34;2PA;Professore II fascia (associato);184
2004;35 - 39;2PA;Professore II fascia (associato);1457
2004;40 - 44;2PA;Professore II fascia (associato);3004
2004;45 - 49;2PA;Professore II fascia (associato);2929
2004;50 - 54;2PA;Professore II fascia (associato);2817
2004;55 - 59;2PA;Professore II fascia (associato);3848
2004;60 - 64;2PA;Professore II fascia (associato);2450
2004;>= 65;2PA;Professore II fascia (associato);1411
2004;25 - 29;3RU;Ricercatore a tempo indeterminato;200
2004;30 - 34;3RU;Ricercatore a tempo indeterminato;2226
2004;35 - 39;3RU;Ricercatore a tempo indeterminato;4631
2004;40 - 44;3RU;Ricercatore a tempo indeterminato;4179
2004;45 - 49;3RU;Ricercatore a tempo indeterminato;3096
2004;50 - 54;3RU;Ricercatore a tempo indeterminato;3073
2004;55 - 59;3RU;Ricercatore a tempo indeterminato;2948
2004;60 - 64;3RU;Ricercatore a tempo indeterminato;739
2004;>= 65;3RU;Ricercatore a tempo indeterminato;137
2005;25 - 29;1PO;Professore I fascia (ordinario);1
2005;30 - 34;1PO;Professore I fascia (ordinario);17
2005;35 - 39;1PO;Professore I fascia (ordinario);280
2005;40 - 44;1PO;Professore I fascia (ordinario);1103
2005;45 - 49;1PO;Professore I fascia (ordinario);1991
2005;50 - 54;1PO;Professore I fascia (ordinario);2472
2005;55 - 59;1PO;Professore I fascia (ordinario);4798
2005;60 - 64;1PO;Professore I fascia (ordinario);4063
2005;>= 65;1PO;Professore I fascia (ordinario);4549
2005;25 - 29;2PA;Professore II fascia (associato);5
2005;30 - 34;2PA;Professore II fascia (associato);264
2005;35 - 39;2PA;Professore II fascia (associato);1660
2005;40 - 44;2PA;Professore II fascia (associato);3332
2005;45 - 49;2PA;Professore II fascia (associato);3257
2005;50 - 54;2PA;Professore II fascia (associato);2655
2005;55 - 59;2PA;Professore II fascia (associato);3837
2005;60 - 64;2PA;Professore II fascia (associato);2452
2005;>= 65;2PA;Professore II fascia (associato);1505
2005;< 25;3RU;Ricercatore a tempo indeterminato;1
2005;25 - 29;3RU;Ricercatore a tempo indeterminato;302
2005;30 - 34;3RU;Ricercatore a tempo indeterminato;2841
2005;35 - 39;3RU;Ricercatore a tempo indeterminato;4747
2005;40 - 44;3RU;Ricercatore a tempo indeterminato;4216
2005;45 - 49;3RU;Ricercatore a tempo indeterminato;3064
2005;50 - 54;3RU;Ricercatore a tempo indeterminato;2675
2005;55 - 59;3RU;Ricercatore a tempo indeterminato;3153
2005;60 - 64;3RU;Ricercatore a tempo indeterminato;843
2005;>= 65;3RU;Ricercatore a tempo indeterminato;168
2005;< 25;4AR;Titolare di assegno di ricerca;40
2005;25 - 29;4AR;Titolare di assegno di ricerca;2308
2005;30 - 34;4AR;Titolare di assegno di ricerca;4819
2005;35 - 39;4AR;Titolare di assegno di ricerca;2017
2005;40 - 44;4AR;Titolare di assegno di ricerca;614
2005;45 - 49;4AR;Titolare di assegno di ricerca;147
2005;50 - 54;4AR;Titolare di assegno di ricerca;40
2005;55 - 59;4AR;Titolare di assegno di ricerca;15
2005;60 - 64;4AR;Titolare di assegno di ricerca;3
2005;>= 65;4AR;Titolare di assegno di ricerca;2
2006;30 - 34;1PO;Professore I fascia (ordinario);16
2006;35 - 39;1PO;Professore I fascia (ordinario);267
2006;40 - 44;1PO;Professore I fascia (ordinario);1144
2006;45 - 49;1PO;Professore I fascia (ordinario);2071
2006;50 - 54;1PO;Professore I fascia (ordinario);2568
2006;55 - 59;1PO;Professore I fascia (ordinario);4540
2006;60 - 64;1PO;Professore I fascia (ordinario);4337
2006;>= 65;1PO;Professore I fascia (ordinario);4900
2006;25 - 29;2PA;Professore II fascia (associato);2
2006;30 - 34;2PA;Professore II fascia (associato);261
2006;35 - 39;2PA;Professore II fascia (associato);1604
2006;40 - 44;2PA;Professore II fascia (associato);3425
2006;45 - 49;2PA;Professore II fascia (associato);3432
2006;50 - 54;2PA;Professore II fascia (associato);2610
2006;55 - 59;2PA;Professore II fascia (associato);3491
2006;60 - 64;2PA;Professore II fascia (associato);2683
2006;>= 65;2PA;Professore II fascia (associato);1578
2006;< 25;3RU;Ricercatore a tempo indeterminato;1
2006;25 - 29;3RU;Ricercatore a tempo indeterminato;342
2006;30 - 34;3RU;Ricercatore a tempo indeterminato;3309
2006;35 - 39;3RU;Ricercatore a tempo indeterminato;5016
2006;40 - 44;3RU;Ricercatore a tempo indeterminato;4359
2006;45 - 49;3RU;Ricercatore a tempo indeterminato;3116
2006;50 - 54;3RU;Ricercatore a tempo indeterminato;2516
2006;55 - 59;3RU;Ricercatore a tempo indeterminato;3073
2006;60 - 64;3RU;Ricercatore a tempo indeterminato;1136
2006;>= 65;3RU;Ricercatore a tempo indeterminato;177
2006;< 25;4AR;Titolare di assegno di ricerca;33
2006;25 - 29;4AR;Titolare di assegno di ricerca;2428
2006;30 - 34;4AR;Titolare di assegno di ricerca;5364
2006;35 - 39;4AR;Titolare di assegno di ricerca;2147
2006;40 - 44;4AR;Titolare di assegno di ricerca;613
2006;45 - 49;4AR;Titolare di assegno di ricerca;171
2006;50 - 54;4AR;Titolare di assegno di ricerca;51
2006;55 - 59;4AR;Titolare di assegno di ricerca;13
2006;60 - 64;4AR;Titolare di assegno di ricerca;8
2006;>= 65;4AR;Titolare di assegno di ricerca;3
2007;30 - 34;1PO;Professore I fascia (ordinario);12
2007;35 - 39;1PO;Professore I fascia (ordinario);210
2007;40 - 44;1PO;Professore I fascia (ordinario);1013
2007;45 - 49;1PO;Professore I fascia (ordinario);1994
2007;50 - 54;1PO;Professore I fascia (ordinario);2532
2007;55 - 59;1PO;Professore I fascia (ordinario);4054
2007;60 - 64;1PO;Professore I fascia (ordinario);4591
2007;>= 65;1PO;Professore I fascia (ordinario);5217
2007;25 - 29;2PA;Professore II fascia (associato);3
2007;30 - 34;2PA;Professore II fascia (associato);180
2007;35 - 39;2PA;Professore II fascia (associato);1344
2007;40 - 44;2PA;Professore II fascia (associato);3247
2007;45 - 49;2PA;Professore II fascia (associato);3578
2007;50 - 54;2PA;Professore II fascia (associato);2686
2007;55 - 59;2PA;Professore II fascia (associato);3148
2007;60 - 64;2PA;Professore II fascia (associato);2829
2007;>= 65;2PA;Professore II fascia (associato);1720
2007;25 - 29;3RU;Ricercatore a tempo indeterminato;256
2007;30 - 34;3RU;Ricercatore a tempo indeterminato;3085
2007;35 - 39;3RU;Ricercatore a tempo indeterminato;5206
2007;40 - 44;3RU;Ricercatore a tempo indeterminato;4766
2007;45 - 49;3RU;Ricercatore a tempo indeterminato;3228
2007;50 - 54;3RU;Ricercatore a tempo indeterminato;2472
2007;55 - 59;3RU;Ricercatore a tempo indeterminato;2893
2007;60 - 64;3RU;Ricercatore a tempo indeterminato;1463
2007;>= 65;3RU;Ricercatore a tempo indeterminato;202
2007;< 25;4AR;Titolare di assegno di ricerca;32
2007;25 - 29;4AR;Titolare di assegno di ricerca;2432
2007;30 - 34;4AR;Titolare di assegno di ricerca;5836
2007;35 - 39;4AR;Titolare di assegno di ricerca;2433
2007;40 - 44;4AR;Titolare di assegno di ricerca;693
2007;45 - 49;4AR;Titolare di assegno di ricerca;175
2007;50 - 54;4AR;Titolare di assegno di ricerca;58
2007;55 - 59;4AR;Titolare di assegno di ricerca;19
2007;60 - 64;4AR;Titolare di assegno di ricerca;7
2007;>= 65;4AR;Titolare di assegno di ricerca;4
2008;30 - 34;1PO;Professore I fascia (ordinario);3
2008;35 - 39;1PO;Professore I fascia (ordinario);132
2008;40 - 44;1PO;Professore I fascia (ordinario);851
2008;45 - 49;1PO;Professore I fascia (ordinario);1817
2008;50 - 54;1PO;Professore I fascia (ordinario);2535
2008;55 - 59;1PO;Professore I fascia (ordinario);3533
2008;60 - 64;1PO;Professore I fascia (ordinario);4739
2008;>= 65;1PO;Professore I fascia (ordinario);5319
2008;25 - 29;2PA;Professore II fascia (associato);1
2008;30 - 34;2PA;Professore II fascia (associato);116
2008;35 - 39;2PA;Professore II fascia (associato);1080
2008;40 - 44;2PA;Professore II fascia (associato);2943
2008;45 - 49;2PA;Professore II fascia (associato);3694
2008;50 - 54;2PA;Professore II fascia (associato);2868
2008;55 - 59;2PA;Professore II fascia (associato);2858
2008;60 - 64;2PA;Professore II fascia (associato);2991
2008;>= 65;2PA;Professore II fascia (associato);1705
2008;25 - 29;3RU;Ricercatore a tempo indeterminato;267
2008;30 - 34;3RU;Ricercatore a tempo indeterminato;3348
2008;35 - 39;3RU;Ricercatore a tempo indeterminato;5788
2008;40 - 44;3RU;Ricercatore a tempo indeterminato;5381
2008;45 - 49;3RU;Ricercatore a tempo indeterminato;3471
2008;50 - 54;3RU;Ricercatore a tempo indeterminato;2578
2008;55 - 59;3RU;Ricercatore a tempo indeterminato;2757
2008;60 - 64;3RU;Ricercatore a tempo indeterminato;1776
2008;>= 65;3RU;Ricercatore a tempo indeterminato;217
2008;< 25;4AR;Titolare di assegno di ricerca;30
2008;25 - 29;4AR;Titolare di assegno di ricerca;2423
2008;30 - 34;4AR;Titolare di assegno di ricerca;5970
2008;35 - 39;4AR;Titolare di assegno di ricerca;2628
2008;40 - 44;4AR;Titolare di assegno di ricerca;733
2008;45 - 49;4AR;Titolare di assegno di ricerca;197
2008;50 - 54;4AR;Titolare di assegno di ricerca;69
2008;55 - 59;4AR;Titolare di assegno di ricerca;16
2008;60 - 64;4AR;Titolare di assegno di ricerca;20
2008;>= 65;4AR;Titolare di assegno di ricerca;4
2009;30 - 34;1PO;Professore I fascia (ordinario);1
2009;35 - 39;1PO;Professore I fascia (ordinario);74
2009;40 - 44;1PO;Professore I fascia (ordinario);667
2009;45 - 49;1PO;Professore I fascia (ordinario);1652
2009;50 - 54;1PO;Professore I fascia (ordinario);2452
2009;55 - 59;1PO;Professore I fascia (ordinario);3086
2009;60 - 64;1PO;Professore I fascia (ordinario);4829
2009;>= 65;1PO;Professore I fascia (ordinario);5119
2009;25 - 29;2PA;Professore II fascia (associato);1
2009;30 - 34;2PA;Professore II fascia (associato);52
2009;35 - 39;2PA;Professore II fascia (associato);784
2009;40 - 44;2PA;Professore II fascia (associato);2584
2009;45 - 49;2PA;Professore II fascia (associato);3750
2009;50 - 54;2PA;Professore II fascia (associato);3043
2009;55 - 59;2PA;Professore II fascia (associato);2655
2009;60 - 64;2PA;Professore II fascia (associato);3035
2009;>= 65;2PA;Professore II fascia (associato);1663
2009;25 - 29;3RU;Ricercatore a tempo indeterminato;114
2009;30 - 34;3RU;Ricercatore a tempo indeterminato;2614
2009;35 - 39;3RU;Ricercatore a tempo indeterminato;5840
2009;40 - 44;3RU;Ricercatore a tempo indeterminato;5634
2009;45 - 49;3RU;Ricercatore a tempo indeterminato;3784
2009;50 - 54;3RU;Ricercatore a tempo indeterminato;2728
2009;55 - 59;3RU;Ricercatore a tempo indeterminato;2594
2009;60 - 64;3RU;Ricercatore a tempo indeterminato;1978
2009;>= 65;3RU;Ricercatore a tempo indeterminato;149
2009;< 25;4AR;Titolare di assegno di ricerca;31
2009;25 - 29;4AR;Titolare di assegno di ricerca;2727
2009;30 - 34;4AR;Titolare di assegno di ricerca;6353
2009;35 - 39;4AR;Titolare di assegno di ricerca;3036
2009;40 - 44;4AR;Titolare di assegno di ricerca;748
2009;45 - 49;4AR;Titolare di assegno di ricerca;222
2009;50 - 54;4AR;Titolare di assegno di ricerca;72
2009;55 - 59;4AR;Titolare di assegno di ricerca;17
2009;60 - 64;4AR;Titolare di assegno di ricerca;16
2009;>= 65;4AR;Titolare di assegno di ricerca;4
2010;30 - 34;1PO;Professore I fascia (ordinario);2
2010;35 - 39;1PO;Professore I fascia (ordinario);51
2010;40 - 44;1PO;Professore I fascia (ordinario);517
2010;45 - 49;1PO;Professore I fascia (ordinario);1538
2010;50 - 54;1PO;Professore I fascia (ordinario);2437
2010;55 - 59;1PO;Professore I fascia (ordinario);2816
2010;60 - 64;1PO;Professore I fascia (ordinario);4789
2010;>= 65;1PO;Professore I fascia (ordinario);3704
2010;30 - 34;2PA;Professore II fascia (associato);40
2010;35 - 39;2PA;Professore II fascia (associato);693
2010;40 - 44;2PA;Professore II fascia (associato);2366
2010;45 - 49;2PA;Professore II fascia (associato);3782
2010;50 - 54;2PA;Professore II fascia (associato);3290
2010;55 - 59;2PA;Professore II fascia (associato);2491
2010;60 - 64;2PA;Professore II fascia (associato);2912
2010;>= 65;2PA;Professore II fascia (associato);1381
2010;25 - 29;3RU;Ricercatore a tempo indeterminato;78
2010;30 - 34;3RU;Ricercatore a tempo indeterminato;2090
2010;35 - 39;3RU;Ricercatore a tempo indeterminato;5871
2010;40 - 44;3RU;Ricercatore a tempo indeterminato;5709
2010;45 - 49;3RU;Ricercatore a tempo indeterminato;4113
2010;50 - 54;3RU;Ricercatore a tempo indeterminato;2833
2010;55 - 59;3RU;Ricercatore a tempo indeterminato;2415
2010;60 - 64;3RU;Ricercatore a tempo indeterminato;1770
2010;>= 65;3RU;Ricercatore a tempo indeterminato;60
2010;< 25;4AR;Titolare di assegno di ricerca;34
2010;25 - 29;4AR;Titolare di assegno di ricerca;2809
2010;30 - 34;4AR;Titolare di assegno di ricerca;6022
2010;35 - 39;4AR;Titolare di assegno di ricerca;3171
2010;40 - 44;4AR;Titolare di assegno di ricerca;727
2010;45 - 49;4AR;Titolare di assegno di ricerca;232
2010;50 - 54;4AR;Titolare di assegno di ricerca;73
2010;55 - 59;4AR;Titolare di assegno di ricerca;22
2010;60 - 64;4AR;Titolare di assegno di ricerca;14
2010;>= 65;4AR;Titolare di assegno di ricerca;5
2011;35 - 39;1PO;Professore I fascia (ordinario);53
2011;40 - 44;1PO;Professore I fascia (ordinario);453
2011;45 - 49;1PO;Professore I fascia (ordinario);1519
2011;50 - 54;1PO;Professore I fascia (ordinario);2419
2011;55 - 59;1PO;Professore I fascia (ordinario);2797
2011;60 - 64;1PO;Professore I fascia (ordinario);4377
2011;>= 65;1PO;Professore I fascia (ordinario);3624
2011;30 - 34;2PA;Professore II fascia (associato);39
2011;35 - 39;2PA;Professore II fascia (associato);615
2011;40 - 44;2PA;Professore II fascia (associato);2258
2011;45 - 49;2PA;Professore II fascia (associato);3747
2011;50 - 54;2PA;Professore II fascia (associato);3438
2011;55 - 59;2PA;Professore II fascia (associato);2501
2011;60 - 64;2PA;Professore II fascia (associato);2556
2011;>= 65;2PA;Professore II fascia (associato);1457
2011;< 25;3RTD;Ricercatore a tempo determinato;1
2011;25 - 29;3RTD;Ricercatore a tempo determinato;43
2011;30 - 34;3RTD;Ricercatore a tempo determinato;508
2011;35 - 39;3RTD;Ricercatore a tempo determinato;620
2011;40 - 44;3RTD;Ricercatore a tempo determinato;244
2011;45 - 49;3RTD;Ricercatore a tempo determinato;84
2011;50 - 54;3RTD;Ricercatore a tempo determinato;28
2011;55 - 59;3RTD;Ricercatore a tempo determinato;9
2011;60 - 64;3RTD;Ricercatore a tempo determinato;8
2011;>= 65;3RTD;Ricercatore a tempo determinato;2
2011;25 - 29;3RU;Ricercatore a tempo indeterminato;54
2011;30 - 34;3RU;Ricercatore a tempo indeterminato;1826
2011;35 - 39;3RU;Ricercatore a tempo indeterminato;5807
2011;40 - 44;3RU;Ricercatore a tempo indeterminato;5678
2011;45 - 49;3RU;Ricercatore a tempo indeterminato;4313
2011;50 - 54;3RU;Ricercatore a tempo indeterminato;2923
2011;55 - 59;3RU;Ricercatore a tempo indeterminato;2343
2011;60 - 64;3RU;Ricercatore a tempo indeterminato;1586
2011;>= 65;3RU;Ricercatore a tempo indeterminato;66
2011;< 25;4AR;Titolare di assegno di ricerca;42
2011;25 - 29;4AR;Titolare di assegno di ricerca;2799
2011;30 - 34;4AR;Titolare di assegno di ricerca;5955
2011;35 - 39;4AR;Titolare di assegno di ricerca;3302
2011;40 - 44;4AR;Titolare di assegno di ricerca;839
2011;45 - 49;4AR;Titolare di assegno di ricerca;269
2011;50 - 54;4AR;Titolare di assegno di ricerca;105
2011;55 - 59;4AR;Titolare di assegno di ricerca;32
2011;60 - 64;4AR;Titolare di assegno di ricerca;18
2011;>= 65;4AR;Titolare di assegno di ricerca;9
2012;35 - 39;1PO;Professore I fascia (ordinario);39
2012;40 - 44;1PO;Professore I fascia (ordinario);359
2012;45 - 49;1PO;Professore I fascia (ordinario);1370
2012;50 - 54;1PO;Professore I fascia (ordinario);2307
2012;55 - 59;1PO;Professore I fascia (ordinario);2760
2012;60 - 64;1PO;Professore I fascia (ordinario);3888
2012;>= 65;1PO;Professore I fascia (ordinario);3799
2012;30 - 34;2PA;Professore II fascia (associato);16
2012;35 - 39;2PA;Professore II fascia (associato);464
2012;40 - 44;2PA;Professore II fascia (associato);1965
2012;45 - 49;2PA;Professore II fascia (associato);3606
2012;50 - 54;2PA;Professore II fascia (associato);3616
2012;55 - 59;2PA;Professore II fascia (associato);2586
2012;60 - 64;2PA;Professore II fascia (associato);2377
2012;>= 65;2PA;Professore II fascia (associato);1513
2012;25 - 29;3RTD;Ricercatore a tempo determinato;50
2012;30 - 34;3RTD;Ricercatore a tempo determinato;709
2012;35 - 39;3RTD;Ricercatore a tempo determinato;911
2012;40 - 44;3RTD;Ricercatore a tempo determinato;392
2012;45 - 49;3RTD;Ricercatore a tempo determinato;134
2012;50 - 54;3RTD;Ricercatore a tempo determinato;41
2012;55 - 59;3RTD;Ricercatore a tempo determinato;17
2012;60 - 64;3RTD;Ricercatore a tempo determinato;10
2012;>= 65;3RTD;Ricercatore a tempo determinato;3
2012;25 - 29;3RU;Ricercatore a tempo indeterminato;16
2012;30 - 34;3RU;Ricercatore a tempo indeterminato;1295
2012;35 - 39;3RU;Ricercatore a tempo indeterminato;5385
2012;40 - 44;3RU;Ricercatore a tempo indeterminato;5865
2012;45 - 49;3RU;Ricercatore a tempo indeterminato;4657
2012;50 - 54;3RU;Ricercatore a tempo indeterminato;3012
2012;55 - 59;3RU;Ricercatore a tempo indeterminato;2314
2012;60 - 64;3RU;Ricercatore a tempo indeterminato;1655
2012;>= 65;3RU;Ricercatore a tempo indeterminato;65
2012;< 25;4AR;Titolare di assegno di ricerca;43
2012;25 - 29;4AR;Titolare di assegno di ricerca;3252
2012;30 - 34;4AR;Titolare di assegno di ricerca;6707
2012;35 - 39;4AR;Titolare di assegno di ricerca;4024
2012;40 - 44;4AR;Titolare di assegno di ricerca;1162
2012;45 - 49;4AR;Titolare di assegno di ricerca;366
2012;50 - 54;4AR;Titolare di assegno di ricerca;117
2012;55 - 59;4AR;Titolare di assegno di ricerca;42
2012;60 - 64;4AR;Titolare di assegno di ricerca;18
2012;>= 65;4AR;Titolare di assegno di ricerca;16
2013;35 - 39;1PO;Professore I fascia (ordinario);23
2013;40 - 44;1PO;Professore I fascia (ordinario);257
2013;45 - 49;1PO;Professore I fascia (ordinario);1177
2013;50 - 54;1PO;Professore I fascia (ordinario);2183
2013;55 - 59;1PO;Professore I fascia (ordinario);2782
2013;60 - 64;1PO;Professore I fascia (ordinario);3422
2013;>= 65;1PO;Professore I fascia (ordinario);4046
2013;30 - 34;2PA;Professore II fascia (associato);8
2013;35 - 39;2PA;Professore II fascia (associato);340
2013;40 - 44;2PA;Professore II fascia (associato);1665
2013;45 - 49;2PA;Professore II fascia (associato);3377
2013;50 - 54;2PA;Professore II fascia (associato);3712
2013;55 - 59;2PA;Professore II fascia (associato);2766
2013;60 - 64;2PA;Professore II fascia (associato);2286
2013;>= 65;2PA;Professore II fascia (associato);1656
2013;25 - 29;3RTD;Ricercatore a tempo determinato;44
2013;30 - 34;3RTD;Ricercatore a tempo determinato;762
2013;35 - 39;3RTD;Ricercatore a tempo determinato;1243
2013;40 - 44;3RTD;Ricercatore a tempo determinato;575
2013;45 - 49;3RTD;Ricercatore a tempo determinato;201
2013;50 - 54;3RTD;Ricercatore a tempo determinato;64
2013;55 - 59;3RTD;Ricercatore a tempo determinato;19
2013;60 - 64;3RTD;Ricercatore a tempo determinato;11
2013;>= 65;3RTD;Ricercatore a tempo determinato;4
2013;25 - 29;3RU;Ricercatore a tempo indeterminato;2
2013;30 - 34;3RU;Ricercatore a tempo indeterminato;750
2013;35 - 39;3RU;Ricercatore a tempo indeterminato;4616
2013;40 - 44;3RU;Ricercatore a tempo indeterminato;5995
2013;45 - 49;3RU;Ricercatore a tempo indeterminato;4970
2013;50 - 54;3RU;Ricercatore a tempo indeterminato;3168
2013;55 - 59;3RU;Ricercatore a tempo indeterminato;2393
2013;60 - 64;3RU;Ricercatore a tempo indeterminato;1766
2013;>= 65;3RU;Ricercatore a tempo indeterminato;86
2013;< 25;4AR;Titolare di assegno di ricerca;30
2013;25 - 29;4AR;Titolare di assegno di ricerca;3181
2013;30 - 34;4AR;Titolare di assegno di ricerca;6802
2013;35 - 39;4AR;Titolare di assegno di ricerca;4149
2013;40 - 44;4AR;Titolare di assegno di ricerca;1473
2013;45 - 49;4AR;Titolare di assegno di ricerca;419
2013;50 - 54;4AR;Titolare di assegno di ricerca;134
2013;55 - 59;4AR;Titolare di assegno di ricerca;57
2013;60 - 64;4AR;Titolare di assegno di ricerca;16
2013;>= 65;4AR;Titolare di assegno di ricerca;19
2014;35 - 39;1PO;Professore I fascia (ordinario);16
2014;40 - 44;1PO;Professore I fascia (ordinario);215
2014;45 - 49;1PO;Professore I fascia (ordinario);1043
2014;50 - 54;1PO;Professore I fascia (ordinario);2095
2014;55 - 59;1PO;Professore I fascia (ordinario);2764
2014;60 - 64;1PO;Professore I fascia (ordinario);3066
2014;>= 65;1PO;Professore I fascia (ordinario);4064
2014;30 - 34;2PA;Professore II fascia (associato);49
2014;35 - 39;2PA;Professore II fascia (associato);693
2014;40 - 44;2PA;Professore II fascia (associato);2132
2014;45 - 49;2PA;Professore II fascia (associato);3630
2014;50 - 54;2PA;Professore II fascia (associato);4068
2014;55 - 59;2PA;Professore II fascia (associato);3022
2014;60 - 64;2PA;Professore II fascia (associato);2234
2014;>= 65;2PA;Professore II fascia (associato);1713
2014;25 - 29;3RTD;Ricercatore a tempo determinato;29
2014;30 - 34;3RTD;Ricercatore a tempo determinato;801
2014;35 - 39;3RTD;Ricercatore a tempo determinato;1558
2014;40 - 44;3RTD;Ricercatore a tempo determinato;777
2014;45 - 49;3RTD;Ricercatore a tempo determinato;277
2014;50 - 54;3RTD;Ricercatore a tempo determinato;86
2014;55 - 59;3RTD;Ricercatore a tempo determinato;24
2014;60 - 64;3RTD;Ricercatore a tempo determinato;9
2014;>= 65;3RTD;Ricercatore a tempo determinato;4
2014;30 - 34;3RU;Ricercatore a tempo indeterminato;351
2014;35 - 39;3RU;Ricercatore a tempo indeterminato;3298
2014;40 - 44;3RU;Ricercatore a tempo indeterminato;5332
2014;45 - 49;3RU;Ricercatore a tempo indeterminato;4606
2014;50 - 54;3RU;Ricercatore a tempo indeterminato;3131
2014;55 - 59;3RU;Ricercatore a tempo indeterminato;2420
2014;60 - 64;3RU;Ricercatore a tempo indeterminato;1803
2014;>= 65;3RU;Ricercatore a tempo indeterminato;94
2014;< 25;4AR;Titolare di assegno di ricerca;38
2014;25 - 29;4AR;Titolare di assegno di ricerca;2826
2014;30 - 34;4AR;Titolare di assegno di ricerca;6579
2014;35 - 39;4AR;Titolare di assegno di ricerca;4083
2014;40 - 44;4AR;Titolare di assegno di ricerca;1671
2014;45 - 49;4AR;Titolare di assegno di ricerca;449
2014;50 - 54;4AR;Titolare di assegno di ricerca;159
2014;55 - 59;4AR;Titolare di assegno di ricerca;67
2014;60 - 64;4AR;Titolare di assegno di ricerca;21
2014;>= 65;4AR;Titolare di assegno di ricerca;16
2015;35 - 39;1PO;Professore I fascia (ordinario);23
2015;40 - 44;1PO;Professore I fascia (ordinario);212
2015;45 - 49;1PO;Professore I fascia (ordinario);918
2015;50 - 54;1PO;Professore I fascia (ordinario);2023
2015;55 - 59;1PO;Professore I fascia (ordinario);2810
2015;60 - 64;1PO;Professore I fascia (ordinario);2869
2015;>= 65;1PO;Professore I fascia (ordinario);4023
2015;30 - 34;2PA;Professore II fascia (associato);76
2015;35 - 39;2PA;Professore II fascia (associato);964
2015;40 - 44;2PA;Professore II fascia (associato);2928
2015;45 - 49;2PA;Professore II fascia (associato);4144
2015;50 - 54;2PA;Professore II fascia (associato);4591
2015;55 - 59;2PA;Professore II fascia (associato);3395
2015;60 - 64;2PA;Professore II fascia (associato);2233
2015;>= 65;2PA;Professore II fascia (associato);1712
2015;25 - 29;3RTD;Ricercatore a tempo determinato;35
2015;30 - 34;3RTD;Ricercatore a tempo determinato;791
2015;35 - 39;3RTD;Ricercatore a tempo determinato;1800
2015;40 - 44;3RTD;Ricercatore a tempo determinato;1011
2015;45 - 49;3RTD;Ricercatore a tempo determinato;316
2015;50 - 54;3RTD;Ricercatore a tempo determinato;121
2015;55 - 59;3RTD;Ricercatore a tempo determinato;33
2015;60 - 64;3RTD;Ricercatore a tempo determinato;7
2015;>= 65;3RTD;Ricercatore a tempo determinato;1
2015;30 - 34;3RU;Ricercatore a tempo indeterminato;142
2015;35 - 39;3RU;Ricercatore a tempo indeterminato;2053
2015;40 - 44;3RU;Ricercatore a tempo indeterminato;4317
2015;45 - 49;3RU;Ricercatore a tempo indeterminato;3856
2015;50 - 54;3RU;Ricercatore a tempo indeterminato;2928
2015;55 - 59;3RU;Ricercatore a tempo indeterminato;2343
2015;60 - 64;3RU;Ricercatore a tempo indeterminato;1709
2015;>= 65;3RU;Ricercatore a tempo indeterminato;85
2015;< 25;4AR;Titolare di assegno di ricerca;37
2015;25 - 29;4AR;Titolare di assegno di ricerca;2266
2015;30 - 34;4AR;Titolare di assegno di ricerca;5848
2015;35 - 39;4AR;Titolare di assegno di ricerca;3538
2015;40 - 44;4AR;Titolare di assegno di ricerca;1619
2015;45 - 49;4AR;Titolare di assegno di ricerca;452
2015;50 - 54;4AR;Titolare di assegno di ricerca;170
2015;55 - 59;4AR;Titolare di assegno di ricerca;71
2015;60 - 64;4AR;Titolare di assegno di ricerca;25
2015;>= 65;4AR;Titolare di assegno di ricerca;16
2016;35 - 39;1PO;Professore I fascia (ordinario);20
2016;40 - 44;1PO;Professore I fascia (ordinario);249
2016;45 - 49;1PO;Professore I fascia (ordinario);940
2016;50 - 54;1PO;Professore I fascia (ordinario);2154
2016;55 - 59;1PO;Professore I fascia (ordinario);2911
2016;60 - 64;1PO;Professore I fascia (ordinario);2918
2016;>= 65;1PO;Professore I fascia (ordinario);3781
2016;30 - 34;2PA;Professore II fascia (associato);41
2016;35 - 39;2PA;Professore II fascia (associato);865
2016;40 - 44;2PA;Professore II fascia (associato);2904
2016;45 - 49;2PA;Professore II fascia (associato);4063
2016;50 - 54;2PA;Professore II fascia (associato);4565
2016;55 - 59;2PA;Professore II fascia (associato);3507
2016;60 - 64;2PA;Professore II fascia (associato);2332
2016;>= 65;2PA;Professore II fascia (associato);1646
2016;25 - 29;3RTD;Ricercatore a tempo determinato;43
2016;30 - 34;3RTD;Ricercatore a tempo determinato;929
2016;35 - 39;3RTD;Ricercatore a tempo determinato;2218
2016;40 - 44;3RTD;Ricercatore a tempo determinato;1517
2016;45 - 49;3RTD;Ricercatore a tempo determinato;451
2016;50 - 54;3RTD;Ricercatore a tempo determinato;152
2016;55 - 59;3RTD;Ricercatore a tempo determinato;38
2016;60 - 64;3RTD;Ricercatore a tempo determinato;7
2016;>= 65;3RTD;Ricercatore a tempo determinato;2
2016;30 - 34;3RU;Ricercatore a tempo indeterminato;48
2016;35 - 39;3RU;Ricercatore a tempo indeterminato;1374
2016;40 - 44;3RU;Ricercatore a tempo indeterminato;3768
2016;45 - 49;3RU;Ricercatore a tempo indeterminato;3591
2016;50 - 54;3RU;Ricercatore a tempo indeterminato;2938
2016;55 - 59;3RU;Ricercatore a tempo indeterminato;2341
2016;60 - 64;3RU;Ricercatore a tempo indeterminato;1766
2016;>= 65;3RU;Ricercatore a tempo indeterminato;156
2016;< 25;4AR;Titolare di assegno di ricerca;53
2016;25 - 29;4AR;Titolare di assegno di ricerca;2312
2016;30 - 34;4AR;Titolare di assegno di ricerca;5584
2016;35 - 39;4AR;Titolare di assegno di ricerca;3486
2016;40 - 44;4AR;Titolare di assegno di ricerca;1662
2016;45 - 49;4AR;Titolare di assegno di ricerca;515
2016;50 - 54;4AR;Titolare di assegno di ricerca;208
2016;55 - 59;4AR;Titolare di assegno di ricerca;78
2016;60 - 64;4AR;Titolare di assegno di ricerca;31
2016;>= 65;4AR;Titolare di assegno di ricerca;17
2017;35 - 39;1PO;Professore I fascia (ordinario);28
2017;40 - 44;1PO;Professore I fascia (ordinario);259
2017;45 - 49;1PO;Professore I fascia (ordinario);934
2017;50 - 54;1PO;Professore I fascia (ordinario);2224
2017;55 - 59;1PO;Professore I fascia (ordinario);2962
2017;60 - 64;1PO;Professore I fascia (ordinario);3019
2017;>= 65;1PO;Professore I fascia (ordinario);3464
2017;30 - 34;2PA;Professore II fascia (associato);35
2017;35 - 39;2PA;Professore II fascia (associato);737
2017;40 - 44;2PA;Professore II fascia (associato);2973
2017;45 - 49;2PA;Professore II fascia (associato);4115
2017;50 - 54;2PA;Professore II fascia (associato);4552
2017;55 - 59;2PA;Professore II fascia (associato);3701
2017;60 - 64;2PA;Professore II fascia (associato);2419
2017;>= 65;2PA;Professore II fascia (associato);1612
2017;25 - 29;3RTD;Ricercatore a tempo determinato;43
2017;30 - 34;3RTD;Ricercatore a tempo determinato;1037
2017;35 - 39;3RTD;Ricercatore a tempo determinato;2407
2017;40 - 44;3RTD;Ricercatore a tempo determinato;1887
2017;45 - 49;3RTD;Ricercatore a tempo determinato;590
2017;50 - 54;3RTD;Ricercatore a tempo determinato;179
2017;55 - 59;3RTD;Ricercatore a tempo determinato;49
2017;60 - 64;3RTD;Ricercatore a tempo determinato;11
2017;>= 65;3RTD;Ricercatore a tempo determinato;1
2017;30 - 34;3RU;Ricercatore a tempo indeterminato;7
2017;35 - 39;3RU;Ricercatore a tempo indeterminato;802
2017;40 - 44;3RU;Ricercatore a tempo indeterminato;3082
2017;45 - 49;3RU;Ricercatore a tempo indeterminato;3356
2017;50 - 54;3RU;Ricercatore a tempo indeterminato;2962
2017;55 - 59;3RU;Ricercatore a tempo indeterminato;2270
2017;60 - 64;3RU;Ricercatore a tempo indeterminato;1780
2017;>= 65;3RU;Ricercatore a tempo indeterminato;296
2017;< 25;4AR;Titolare di assegno di ricerca;70
2017;25 - 29;4AR;Titolare di assegno di ricerca;2597
2017;30 - 34;4AR;Titolare di assegno di ricerca;5525
2017;35 - 39;4AR;Titolare di assegno di ricerca;3404
2017;40 - 44;4AR;Titolare di assegno di ricerca;1639
2017;45 - 49;4AR;Titolare di assegno di ricerca;546
2017;50 - 54;4AR;Titolare di assegno di ricerca;209
2017;55 - 59;4AR;Titolare di assegno di ricerca;80
2017;60 - 64;4AR;Titolare di assegno di ricerca;34
2017;>= 65;4AR;Titolare di assegno di ricerca;20
2018;30 - 34;1PO;Professore I fascia (ordinario);2
2018;35 - 39;1PO;Professore I fascia (ordinario);34
2018;40 - 44;1PO;Professore I fascia (ordinario);298
2018;45 - 49;1PO;Professore I fascia (ordinario);1034
2018;50 - 54;1PO;Professore I fascia (ordinario);2350
2018;55 - 59;1PO;Professore I fascia (ordinario);3089
2018;60 - 64;1PO;Professore I fascia (ordinario);3237
2018;>= 65;1PO;Professore I fascia (ordinario);3141
2018;30 - 34;2PA;Professore II fascia (associato);28
2018;35 - 39;2PA;Professore II fascia (associato);743
2018;40 - 44;2PA;Professore II fascia (associato);3159
2018;45 - 49;2PA;Professore II fascia (associato);4345
2018;50 - 54;2PA;Professore II fascia (associato);4567
2018;55 - 59;2PA;Professore II fascia (associato);3842
2018;60 - 64;2PA;Professore II fascia (associato);2574
2018;>= 65;2PA;Professore II fascia (associato);1526
2018;25 - 29;3RTD;Ricercatore a tempo determinato;50
2018;30 - 34;3RTD;Ricercatore a tempo determinato;1247
2018;35 - 39;3RTD;Ricercatore a tempo determinato;2875
2018;40 - 44;3RTD;Ricercatore a tempo determinato;2291
2018;45 - 49;3RTD;Ricercatore a tempo determinato;878
2018;50 - 54;3RTD;Ricercatore a tempo determinato;264
2018;55 - 59;3RTD;Ricercatore a tempo determinato;70
2018;60 - 64;3RTD;Ricercatore a tempo determinato;15
2018;>= 65;3RTD;Ricercatore a tempo determinato;2
2018;30 - 34;3RU;Ricercatore a tempo indeterminato;1
2018;35 - 39;3RU;Ricercatore a tempo indeterminato;367
2018;40 - 44;3RU;Ricercatore a tempo indeterminato;2258
2018;45 - 49;3RU;Ricercatore a tempo indeterminato;2911
2018;50 - 54;3RU;Ricercatore a tempo indeterminato;2773
2018;55 - 59;3RU;Ricercatore a tempo indeterminato;2170
2018;60 - 64;3RU;Ricercatore a tempo indeterminato;1792
2018;>= 65;3RU;Ricercatore a tempo indeterminato;329
2018;< 25;4AR;Titolare di assegno di ricerca;86
2018;25 - 29;4AR;Titolare di assegno di ricerca;2815
2018;30 - 34;4AR;Titolare di assegno di ricerca;5674
2018;35 - 39;4AR;Titolare di assegno di ricerca;3174
2018;40 - 44;4AR;Titolare di assegno di ricerca;1463
2018;45 - 49;4AR;Titolare di assegno di ricerca;557
2018;50 - 54;4AR;Titolare di assegno di ricerca;197
2018;55 - 59;4AR;Titolare di assegno di ricerca;81
2018;60 - 64;4AR;Titolare di assegno di ricerca;41
2018;>= 65;4AR;Titolare di assegno di ricerca;17
2019;30 - 34;1PO;Professore I fascia (ordinario);1
2019;35 - 39;1PO;Professore I fascia (ordinario);34
2019;40 - 44;1PO;Professore I fascia (ordinario);343
2019;45 - 49;1PO;Professore I fascia (ordinario);1117
2019;50 - 54;1PO;Professore I fascia (ordinario);2430
2019;55 - 59;1PO;Professore I fascia (ordinario);3379
2019;60 - 64;1PO;Professore I fascia (ordinario);3420
2019;>= 65;1PO;Professore I fascia (ordinario);2961
2019;30 - 34;2PA;Professore II fascia (associato);40
2019;35 - 39;2PA;Professore II fascia (associato);859
2019;40 - 44;2PA;Professore II fascia (associato);3533
2019;45 - 49;2PA;Professore II fascia (associato);4893
2019;50 - 54;2PA;Professore II fascia (associato);4692
2019;55 - 59;2PA;Professore II fascia (associato);3976
2019;60 - 64;2PA;Professore II fascia (associato);2746
2019;>= 65;2PA;Professore II fascia (associato);1544
2019;25 - 29;3RTD;Ricercatore a tempo determinato;40
2019;30 - 34;3RTD;Ricercatore a tempo determinato;1615
2019;35 - 39;3RTD;Ricercatore a tempo determinato;3272
2019;40 - 44;3RTD;Ricercatore a tempo determinato;2441
2019;45 - 49;3RTD;Ricercatore a tempo determinato;990
2019;50 - 54;3RTD;Ricercatore a tempo determinato;290
2019;55 - 59;3RTD;Ricercatore a tempo determinato;85
2019;60 - 64;3RTD;Ricercatore a tempo determinato;25
2019;>= 65;3RTD;Ricercatore a tempo determinato;2
2019;35 - 39;3RU;Ricercatore a tempo indeterminato;148
2019;40 - 44;3RU;Ricercatore a tempo indeterminato;1422
2019;45 - 49;3RU;Ricercatore a tempo indeterminato;2434
2019;50 - 54;3RU;Ricercatore a tempo indeterminato;2444
2019;55 - 59;3RU;Ricercatore a tempo indeterminato;2024
2019;60 - 64;3RU;Ricercatore a tempo indeterminato;1805
2019;>= 65;3RU;Ricercatore a tempo indeterminato;421
2019;< 25;4AR;Titolare di assegno di ricerca;99
2019;25 - 29;4AR;Titolare di assegno di ricerca;3201
2019;30 - 34;4AR;Titolare di assegno di ricerca;5791
2019;35 - 39;4AR;Titolare di assegno di ricerca;3093
2019;40 - 44;4AR;Titolare di assegno di ricerca;1318
2019;45 - 49;4AR;Titolare di assegno di ricerca;595
2019;50 - 54;4AR;Titolare di assegno di ricerca;207
2019;55 - 59;4AR;Titolare di assegno di ricerca;92
2019;60 - 64;4AR;Titolare di assegno di ricerca;43
2019;>= 65;4AR;Titolare di assegno di ricerca;20
2020;35 - 39;1PO;Professore I fascia (ordinario);40
2020;40 - 44;1PO;Professore I fascia (ordinario);362
2020;45 - 49;1PO;Professore I fascia (ordinario);1214
2020;50 - 54;1PO;Professore I fascia (ordinario);2414
2020;55 - 59;1PO;Professore I fascia (ordinario);3582
2020;60 - 64;1PO;Professore I fascia (ordinario);3695
2020;>= 65;1PO;Professore I fascia (ordinario);2870
2020;30 - 34;2PA;Professore II fascia (associato);37
2020;35 - 39;2PA;Professore II fascia (associato);817
2020;40 - 44;2PA;Professore II fascia (associato);3531
2020;45 - 49;2PA;Professore II fascia (associato);5331
2020;50 - 54;2PA;Professore II fascia (associato);4800
2020;55 - 59;2PA;Professore II fascia (associato);4188
2020;60 - 64;2PA;Professore II fascia (associato);2898
2020;>= 65;2PA;Professore II fascia (associato);1545
2020;>= 65;3RTD;Ricercatore a tempo determinato;3
2020;25 - 29;3RTD;Ricercatore a tempo determinato;48
2020;30 - 34;3RTD;Ricercatore a tempo determinato;1669
2020;35 - 39;3RTD;Ricercatore a tempo determinato;3716
2020;40 - 44;3RTD;Ricercatore a tempo determinato;2627
2020;45 - 49;3RTD;Ricercatore a tempo determinato;1240
2020;50 - 54;3RTD;Ricercatore a tempo determinato;363
2020;55 - 59;3RTD;Ricercatore a tempo determinato;113
2020;60 - 64;3RTD;Ricercatore a tempo determinato;29
2020;35 - 39;3RU;Ricercatore a tempo indeterminato;46
2020;40 - 44;3RU;Ricercatore a tempo indeterminato;768
2020;45 - 49;3RU;Ricercatore a tempo indeterminato;1974
2020;50 - 54;3RU;Ricercatore a tempo indeterminato;2073
2020;55 - 59;3RU;Ricercatore a tempo indeterminato;1903
2020;60 - 64;3RU;Ricercatore a tempo indeterminato;1739
2020;>= 65;3RU;Ricercatore a tempo indeterminato;418
2020;< 25;4AR;Titolare di assegno di ricerca;119
2020;25 - 29;4AR;Titolare di assegno di ricerca;3628
2020;30 - 34;4AR;Titolare di assegno di ricerca;6371
2020;35 - 39;4AR;Titolare di assegno di ricerca;3196
2020;40 - 44;4AR;Titolare di assegno di ricerca;1222
2020;45 - 49;4AR;Titolare di assegno di ricerca;570
2020;50 - 54;4AR;Titolare di assegno di ricerca;210
2020;55 - 59;4AR;Titolare di assegno di ricerca;104
2020;60 - 64;4AR;Titolare di assegno di ricerca;48
2020;>= 65;4AR;Titolare di assegno di ricerca;21
2021;30 - 34;1PO;Professore I fascia (ordinario);2
2021;35 - 39;1PO;Professore I fascia (ordinario);49
2021;40 - 44;1PO;Professore I fascia (ordinario);418
2021;45 - 49;1PO;Professore I fascia (ordinario);1397
2021;50 - 54;1PO;Professore I fascia (ordinario);2555
2021;55 - 59;1PO;Professore I fascia (ordinario);3812
2021;60 - 64;1PO;Professore I fascia (ordinario);3913
2021;>= 65;1PO;Professore I fascia (ordinario);3004
2021;30 - 34;2PA;Professore II fascia (associato);51
2021;35 - 39;2PA;Professore II fascia (associato);990
2021;40 - 44;2PA;Professore II fascia (associato);3679
2021;45 - 49;2PA;Professore II fascia (associato);5674
2021;50 - 54;2PA;Professore II fascia (associato);4844
2021;55 - 59;2PA;Professore II fascia (associato);4304
2021;60 - 64;2PA;Professore II fascia (associato);2994
2021;>= 65;2PA;Professore II fascia (associato);1619
2021;25 - 29;3RTD;Ricercatore a tempo determinato L. 240/2010 tipo A;100
2021;25 - 29;3RTD;Ricercatore a tempo determinato L. 240/2010 tipo B;4
2021;30 - 34;3RTD;Ricercatore a tempo determinato L. 240/2010 tipo A;1566
2021;30 - 34;3RTD;Ricercatore a tempo determinato L. 240/2010 tipo B;441
2021;35 - 39;3RTD;Ricercatore a tempo determinato L. 240/2010 tipo A;2209
2021;35 - 39;3RTD;Ricercatore a tempo determinato L. 240/2010 tipo B;1938
2021;40 - 44;3RTD;Ricercatore a tempo determinato L. 240/2010 tipo A;1017
2021;40 - 44;3RTD;Ricercatore a tempo determinato L. 240/2010 tipo B;1656
2021;45 - 49;3RTD;Ricercatore a tempo determinato L. 240/2010 tipo A;480
2021;45 - 49;3RTD;Ricercatore a tempo determinato L. 240/2010 tipo B;911
2021;50 - 54;3RTD;Ricercatore a tempo determinato L. 240/2010 tipo A;150
2021;50 - 54;3RTD;Ricercatore a tempo determinato L. 240/2010 tipo B;295
2021;55 - 59;3RTD;Ricercatore a tempo determinato L. 240/2010 tipo A;49
2021;55 - 59;3RTD;Ricercatore a tempo determinato L. 240/2010 tipo B;83
2021;60 - 64;3RTD;Ricercatore a tempo determinato L. 240/2010 tipo A;19
2021;60 - 64;3RTD;Ricercatore a tempo determinato L. 240/2010 tipo B;14
2021;>= 65;3RTD;Ricercatore a tempo determinato L. 240/2010 tipo B;1
2021;35 - 39;3RU;Ricercatore a tempo indeterminato;12
2021;40 - 44;3RU;Ricercatore a tempo indeterminato;429
2021;45 - 49;3RU;Ricercatore a tempo indeterminato;1499
2021;50 - 54;3RU;Ricercatore a tempo indeterminato;1748
2021;55 - 59;3RU;Ricercatore a tempo indeterminato;1758
2021;60 - 64;3RU;Ricercatore a tempo indeterminato;1661
2021;>= 65;3RU;Ricercatore a tempo indeterminato;447
2021;< 25;4AR;Titolare di assegno di ricerca;133
2021;25 - 29;4AR;Titolare di assegno di ricerca;3715
2021;30 - 34;4AR;Titolare di assegno di ricerca;6519
2021;35 - 39;4AR;Titolare di assegno di ricerca;3215
2021;40 - 44;4AR;Titolare di assegno di ricerca;1111
2021;45 - 49;4AR;Titolare di assegno di ricerca;584
2021;50 - 54;4AR;Titolare di assegno di ricerca;236
2021;55 - 59;4AR;Titolare di assegno di ricerca;119
2021;60 - 64;4AR;Titolare di assegno di ricerca;40
2021;>= 65;4AR;Titolare di assegno di ricerca;29
2022;30 - 34;1PO;Professore I fascia (ordinario);1
2022;35 - 39;1PO;Professore I fascia (ordinario);41
2022;40 - 44;1PO;Professore I fascia (ordinario);377
2022;45 - 49;1PO;Professore I fascia (ordinario);1481
2022;50 - 54;1PO;Professore I fascia (ordinario);2594
2022;55 - 59;1PO;Professore I fascia (ordinario);3939
2022;60 - 64;1PO;Professore I fascia (ordinario);4084
2022;>= 65;1PO;Professore I fascia (ordinario);3169
2022;30 - 34;2PA;Professore II fascia (associato);51
2022;35 - 39;2PA;Professore II fascia (associato);1255
2022;40 - 44;2PA;Professore II fascia (associato);3815
2022;45 - 49;2PA;Professore II fascia (associato);6297
2022;50 - 54;2PA;Professore II fascia (associato);5459
2022;55 - 59;2PA;Professore II fascia (associato);4692
2022;60 - 64;2PA;Professore II fascia (associato);3301
2022;>= 65;2PA;Professore II fascia (associato);1734
2022;25 - 29;3RTD;Ricercatore a tempo determinato L. 240/2010 tipo A;121
2022;30 - 34;3RTD;Ricercatore a tempo determinato L. 240/2010 tipo A;2163
2022;30 - 34;3RTD;Ricercatore a tempo determinato L. 240/2010 tipo B;663
2022;35 - 39;3RTD;Ricercatore a tempo determinato L. 240/2010 tipo A;2545
2022;35 - 39;3RTD;Ricercatore a tempo determinato L. 240/2010 tipo B;2405
2022;40 - 44;3RTD;Ricercatore a tempo determinato L. 240/2010 tipo A;1182
2022;40 - 44;3RTD;Ricercatore a tempo determinato L. 240/2010 tipo B;1885
2022;45 - 49;3RTD;Ricercatore a tempo determinato L. 240/2010 tipo A;530
2022;45 - 49;3RTD;Ricercatore a tempo determinato L. 240/2010 tipo B;1099
2022;50 - 54;3RTD;Ricercatore a tempo determinato L. 240/2010 tipo A;171
2022;50 - 54;3RTD;Ricercatore a tempo determinato L. 240/2010 tipo B;385
2022;55 - 59;3RTD;Ricercatore a tempo determinato L. 240/2010 tipo A;74
2022;55 - 59;3RTD;Ricercatore a tempo determinato L. 240/2010 tipo B;139
2022;60 - 64;3RTD;Ricercatore a tempo determinato L. 240/2010 tipo A;16
2022;60 - 64;3RTD;Ricercatore a tempo determinato L. 240/2010 tipo B;28
2022;>= 65;3RTD;Ricercatore a tempo determinato L. 240/2010 tipo A;1
2022;>= 65;3RTD;Ricercatore a tempo determinato L. 240/2010 tipo B;2
2022;35 - 39;3RU;Ricercatore a tempo indeterminato;1
2022;40 - 44;3RU;Ricercatore a tempo indeterminato;120
2022;45 - 49;3RU;Ricercatore a tempo indeterminato;768
2022;50 - 54;3RU;Ricercatore a tempo indeterminato;1159
2022;55 - 59;3RU;Ricercatore a tempo indeterminato;1390
2022;60 - 64;3RU;Ricercatore a tempo indeterminato;1402
2022;>= 65;3RU;Ricercatore a tempo indeterminato;459
2022;< 25;4AR;Titolare di assegno di ricerca;138
2022;25 - 29;4AR;Titolare di assegno di ricerca;3741
2022;30 - 34;4AR;Titolare di assegno di ricerca;6592
2022;35 - 39;4AR;Titolare di assegno di ricerca;3095
2022;40 - 44;4AR;Titolare di assegno di ricerca;1142
2022;45 - 49;4AR;Titolare di assegno di ricerca;566
2022;50 - 54;4AR;Titolare di assegno di ricerca;275
2022;55 - 59;4AR;Titolare di assegno di ricerca;120
2022;60 - 64;4AR;Titolare di assegno di ricerca;38
2022;>= 65;4AR;Titolare di assegno di ricerca;36
2023;30 - 34;1PO;Professore I fascia (ordinario);1
2023;35 - 39;1PO;Professore I fascia (ordinario);47
2023;40 - 44;1PO;Professore I fascia (ordinario);400
2023;45 - 49;1PO;Professore I fascia (ordinario);1618
2023;50 - 54;1PO;Professore I fascia (ordinario);2756
2023;55 - 59;1PO;Professore I fascia (ordinario);4081
2023;60 - 64;1PO;Professore I fascia (ordinario);4224
2023;>= 65;1PO;Professore I fascia (ordinario);3447
2023;30 - 34;2PA;Professore II fascia (associato);38
2023;35 - 39;2PA;Professore II fascia (associato);1192
2023;40 - 44;2PA;Professore II fascia (associato);3653
2023;45 - 49;2PA;Professore II fascia (associato);6019
2023;50 - 54;2PA;Professore II fascia (associato);5612
2023;55 - 59;2PA;Professore II fascia (associato);4614
2023;60 - 64;2PA;Professore II fascia (associato);3454
2023;>= 65;2PA;Professore II fascia (associato);1890
2023;25 - 29;3RTD;Ricercatore a tempo determinato L. 240/2010 tipo A;267
2023;25 - 29;3RTD;Ricercatore a tempo determinato L. 240/2010 tipo B;3
2023;25 - 29;3RTD;Ricercatore a tempo determinato L. 79/2022;3
2023;30 - 34;3RTD;Ricercatore a tempo determinato L. 240/2010 tipo A;3099
2023;30 - 34;3RTD;Ricercatore a tempo determinato L. 240/2010 tipo B;530
2023;30 - 34;3RTD;Ricercatore a tempo determinato L. 79/2022;42
2023;35 - 39;3RTD;Ricercatore a tempo determinato L. 240/2010 tipo A;3306
2023;35 - 39;3RTD;Ricercatore a tempo determinato L. 240/2010 tipo B;2480
2023;35 - 39;3RTD;Ricercatore a tempo determinato L. 79/2022;53
2023;40 - 44;3RTD;Ricercatore a tempo determinato L. 240/2010 tipo A;1527
2023;40 - 44;3RTD;Ricercatore a tempo determinato L. 240/2010 tipo B;1976
2023;40 - 44;3RTD;Ricercatore a tempo determinato L. 79/2022;26
2023;45 - 49;3RTD;Ricercatore a tempo determinato L. 240/2010 tipo A;649
2023;45 - 49;3RTD;Ricercatore a tempo determinato L. 240/2010 tipo B;1136
2023;45 - 49;3RTD;Ricercatore a tempo determinato L. 79/2022;17
2023;50 - 54;3RTD;Ricercatore a tempo determinato L. 240/2010 tipo A;232
2023;50 - 54;3RTD;Ricercatore a tempo determinato L. 240/2010 tipo B;438
2023;50 - 54;3RTD;Ricercatore a tempo determinato L. 79/2022;4
2023;55 - 59;3RTD;Ricercatore a tempo determinato L. 240/2010 tipo A;109
2023;55 - 59;3RTD;Ricercatore a tempo determinato L. 240/2010 tipo B;159
2023;55 - 59;3RTD;Ricercatore a tempo determinato L. 79/2022;4
2023;60 - 64;3RTD;Ricercatore a tempo determinato L. 240/2010 tipo A;31
2023;60 - 64;3RTD;Ricercatore a tempo determinato L. 240/2010 tipo B;38
2023;>= 65;3RTD;Ricercatore a tempo determinato L. 240/2010 tipo A;2
2023;>= 65;3RTD;Ricercatore a tempo determinato L. 240/2010 tipo B;6
2023;40 - 44;3RU;Ricercatore a tempo indeterminato;68
2023;45 - 49;3RU;Ricercatore a tempo indeterminato;583
2023;50 - 54;3RU;Ricercatore a tempo indeterminato;1035
2023;55 - 59;3RU;Ricercatore a tempo indeterminato;1322
2023;60 - 64;3RU;Ricercatore a tempo indeterminato;1341
2023;>= 65;3RU;Ricercatore a tempo indeterminato;482
2023;< 25;4AR;Titolare di assegno di ricerca;161
2023;25 - 29;4AR;Titolare di assegno di ricerca;4096
2023;30 - 34;4AR;Titolare di assegno di ricerca;6580
2023;35 - 39;4AR;Titolare di assegno di ricerca;2882
2023;40 - 44;4AR;Titolare di assegno di ricerca;1141
2023;45 - 49;4AR;Titolare di assegno di ricerca;542
2023;50 - 54;4AR;Titolare di assegno di ricerca;265
2023;55 - 59;4AR;Titolare di assegno di ricerca;135
2023;60 - 64;4AR;Titolare di assegno di ricerca;56
2023;>= 65;4AR;Titolare di assegno di ricerca;33
2024;30 - 34;1PO;Professore I fascia (ordinario);4
2024;35 - 39;1PO;Professore I fascia (ordinario);52
2024;40 - 44;1PO;Professore I fascia (ordinario);466
2024;45 - 49;1PO;Professore I fascia (ordinario);1714
2024;50 - 54;1PO;Professore I fascia (ordinario);3000
2024;55 - 59;1PO;Professore I fascia (ordinario);4193
2024;60 - 64;1PO;Professore I fascia (ordinario);4550
2024;>= 65;1PO;Professore I fascia (ordinario);3716
2024;25 - 29;2PA;Professore II fascia (associato);2
2024;30 - 34;2PA;Professore II fascia (associato);97
2024;35 - 39;2PA;Professore II fascia (associato);1562
2024;40 - 44;2PA;Professore II fascia (associato);4030
2024;45 - 49;2PA;Professore II fascia (associato);6043
2024;50 - 54;2PA;Professore II fascia (associato);5830
2024;55 - 59;2PA;Professore II fascia (associato);4618
2024;60 - 64;2PA;Professore II fascia (associato);3594
2024;>= 65;2PA;Professore II fascia (associato);2070
2024;25 - 29;3RTD;Ricercatore a tempo determinato L. 240/2010 tipo A;161
2024;25 - 29;3RTD;Ricercatore a tempo determinato L. 240/2010 tipo B;1
2024;25 - 29;3RTD;Ricercatore a tempo determinato L. 79/2022;16
2024;30 - 34;3RTD;Ricercatore a tempo determinato L. 240/2010 tipo A;2558
2024;30 - 34;3RTD;Ricercatore a tempo determinato L. 240/2010 tipo B;369
2024;30 - 34;3RTD;Ricercatore a tempo determinato L. 79/2022;445
2024;35 - 39;3RTD;Ricercatore a tempo determinato L. 240/2010 tipo A;2756
2024;35 - 39;3RTD;Ricercatore a tempo determinato L. 240/2010 tipo B;2026
2024;35 - 39;3RTD;Ricercatore a tempo determinato L. 79/2022;539
2024;40 - 44;3RTD;Ricercatore a tempo determinato L. 240/2010 tipo A;1376
2024;40 - 44;3RTD;Ricercatore a tempo determinato L. 240/2010 tipo B;1583
2024;40 - 44;3RTD;Ricercatore a tempo determinato L. 79/2022;352
2024;45 - 49;3RTD;Ricercatore a tempo determinato L. 240/2010 tipo A;574
2024;45 - 49;3RTD;Ricercatore a tempo determinato L. 240/2010 tipo B;864
2024;45 - 49;3RTD;Ricercatore a tempo determinato L. 79/2022;166
2024;50 - 54;3RTD;Ricercatore a tempo determinato L. 240/2010 tipo A;255
2024;50 - 54;3RTD;Ricercatore a tempo determinato L. 240/2010 tipo B;365
2024;50 - 54;3RTD;Ricercatore a tempo determinato L. 79/2022;59
2024;55 - 59;3RTD;Ricercatore a tempo determinato L. 240/2010 tipo A;93
2024;55 - 59;3RTD;Ricercatore a tempo determinato L. 240/2010 tipo B;133
2024;55 - 59;3RTD;Ricercatore a tempo determinato L. 79/2022;24
2024;60 - 64;3RTD;Ricercatore a tempo determinato L. 240/2010 tipo A;40
2024;60 - 64;3RTD;Ricercatore a tempo determinato L. 240/2010 tipo B;45
2024;60 - 64;3RTD;Ricercatore a tempo determinato L. 79/2022;12
2024;>= 65;3RTD;Ricercatore a tempo determinato L. 240/2010 tipo A;2
2024;>= 65;3RTD;Ricercatore a tempo determinato L. 240/2010 tipo B;7
2024;40 - 44;3RU;Ricercatore a tempo indeterminato;28
2024;45 - 49;3RU;Ricercatore a tempo indeterminato;384
2024;50 - 54;3RU;Ricercatore a tempo indeterminato;917
2024;55 - 59;3RU;Ricercatore a tempo indeterminato;1209
2024;60 - 64;3RU;Ricercatore a tempo indeterminato;1221
2024;>= 65;3RU;Ricercatore a tempo indeterminato;512
2024;< 25;4AR;Titolare di assegno di ricerca;294
2024;25 - 29;4AR;Titolare di assegno di ricerca;7684
2024;30 - 34;4AR;Titolare di assegno di ricerca;9774
2024;35 - 39;4AR;Titolare di assegno di ricerca;4240
2024;40 - 44;4AR;Titolare di assegno di ricerca;1657
2024;45 - 49;4AR;Titolare di assegno di ricerca;758
2024;50 - 54;4AR;Titolare di assegno di ricerca;404
2024;55 - 59;4AR;Titolare di assegno di ricerca;188
2024;60 - 64;4AR;Titolare di assegno di ricerca;104
2024;>= 65;4AR;Titolare di assegno di ricerca;50
