freq,ref_area,data_type,econ_activity_nace_2007,pers_empl_size_class,info_innov_enterprises,enterprise_goals,enterprises_strategies,obstacles,degree_importance,time_period,obs_value,year,source,flow_id,description
A,IT,POPI_MAN2018,00100,W_GE10,ALL,ALL,ALL,ALL,ALL,2022,91813,2022,ISTAT SDMX,6_471_DF_DCSP_LACIS_13,Employees with a tertiary degree and economic activities (Nace 2 digit)
A,IT,POPI_MAN2018,00100,W_GE10,EMPUD0,ALL,ALL,ALL,ALL,2022,28712,2022,ISTAT SDMX,6_471_DF_DCSP_LACIS_13,Employees with a tertiary degree and economic activities (Nace 2 digit)
A,IT,POPI_MAN2018,00100,W_GE10,EMPUD1,ALL,ALL,ALL,ALL,2022,16163,2022,ISTAT SDMX,6_471_DF_DCSP_LACIS_13,Employees with a tertiary degree and economic activities (Nace 2 digit)
A,IT,POPI_MAN2018,00100,W_GE10,EMPUD2,ALL,ALL,ALL,ALL,2022,11035,2022,ISTAT SDMX,6_471_DF_DCSP_LACIS_13,Employees with a tertiary degree and economic activities (Nace 2 digit)
A,IT,POPI_MAN2018,00100,W_GE10,EMPUD3,ALL,ALL,ALL,ALL,2022,10723,2022,ISTAT SDMX,6_471_DF_DCSP_LACIS_13,Employees with a tertiary degree and economic activities (Nace 2 digit)
A,IT,POPI_MAN2018,00100,W_GE10,EMPUD4,ALL,ALL,ALL,ALL,2022,8546,2022,ISTAT SDMX,6_471_DF_DCSP_LACIS_13,Employees with a tertiary degree and economic activities (Nace 2 digit)
A,IT,POPI_MAN2018,00100,W_GE10,EMPUD5,ALL,ALL,ALL,ALL,2022,6250,2022,ISTAT SDMX,6_471_DF_DCSP_LACIS_13,Employees with a tertiary degree and economic activities (Nace 2 digit)
A,IT,POPI_MAN2018,00100,W_GE10,EMPUD6,ALL,ALL,ALL,ALL,2022,9584,2022,ISTAT SDMX,6_471_DF_DCSP_LACIS_13,Employees with a tertiary degree and economic activities (Nace 2 digit)
A,IT,POPI_MAN2018,0011,W_GE10,ALL,ALL,ALL,ALL,ALL,2022,53884,2022,ISTAT SDMX,6_471_DF_DCSP_LACIS_13,Employees with a tertiary degree and economic activities (Nace 2 digit)
A,IT,POPI_MAN2018,0011,W_GE10,EMPUD0,ALL,ALL,ALL,ALL,2022,19407,2022,ISTAT SDMX,6_471_DF_DCSP_LACIS_13,Employees with a tertiary degree and economic activities (Nace 2 digit)
A,IT,POPI_MAN2018,0011,W_GE10,EMPUD1,ALL,ALL,ALL,ALL,2022,10339,2022,ISTAT SDMX,6_471_DF_DCSP_LACIS_13,Employees with a tertiary degree and economic activities (Nace 2 digit)
A,IT,POPI_MAN2018,0011,W_GE10,EMPUD2,ALL,ALL,ALL,ALL,2022,7402,2022,ISTAT SDMX,6_471_DF_DCSP_LACIS_13,Employees with a tertiary degree and economic activities (Nace 2 digit)
A,IT,POPI_MAN2018,0011,W_GE10,EMPUD3,ALL,ALL,ALL,ALL,2022,6808,2022,ISTAT SDMX,6_471_DF_DCSP_LACIS_13,Employees with a tertiary degree and economic activities (Nace 2 digit)
A,IT,POPI_MAN2018,0011,W_GE10,EMPUD4,ALL,ALL,ALL,ALL,2022,4233,2022,ISTAT SDMX,6_471_DF_DCSP_LACIS_13,Employees with a tertiary degree and economic activities (Nace 2 digit)
A,IT,POPI_MAN2018,0011,W_GE10,EMPUD5,ALL,ALL,ALL,ALL,2022,2251,2022,ISTAT SDMX,6_471_DF_DCSP_LACIS_13,Employees with a tertiary degree and economic activities (Nace 2 digit)
A,IT,POPI_MAN2018,0011,W_GE10,EMPUD6,ALL,ALL,ALL,ALL,2022,3013,2022,ISTAT SDMX,6_471_DF_DCSP_LACIS_13,Employees with a tertiary degree and economic activities (Nace 2 digit)
A,IT,POPI_MAN2018,00110,W_GE10,ALL,ALL,ALL,ALL,ALL,2022,37930,2022,ISTAT SDMX,6_471_DF_DCSP_LACIS_13,Employees with a tertiary degree and economic activities (Nace 2 digit)
A,IT,POPI_MAN2018,00110,W_GE10,EMPUD0,ALL,ALL,ALL,ALL,2022,9304,2022,ISTAT SDMX,6_471_DF_DCSP_LACIS_13,Employees with a tertiary degree and economic activities (Nace 2 digit)
A,IT,POPI_MAN2018,00110,W_GE10,EMPUD1,ALL,ALL,ALL,ALL,2022,5824,2022,ISTAT SDMX,6_471_DF_DCSP_LACIS_13,Employees with a tertiary degree and economic activities (Nace 2 digit)
A,IT,POPI_MAN2018,00110,W_GE10,EMPUD2,ALL,ALL,ALL,ALL,2022,3633,2022,ISTAT SDMX,6_471_DF_DCSP_LACIS_13,Employees with a tertiary degree and economic activities (Nace 2 digit)
A,IT,POPI_MAN2018,00110,W_GE10,EMPUD3,ALL,ALL,ALL,ALL,2022,3915,2022,ISTAT SDMX,6_471_DF_DCSP_LACIS_13,Employees with a tertiary degree and economic activities (Nace 2 digit)
A,IT,POPI_MAN2018,00110,W_GE10,EMPUD4,ALL,ALL,ALL,ALL,2022,4313,2022,ISTAT SDMX,6_471_DF_DCSP_LACIS_13,Employees with a tertiary degree and economic activities (Nace 2 digit)
A,IT,POPI_MAN2018,00110,W_GE10,EMPUD5,ALL,ALL,ALL,ALL,2022,3999,2022,ISTAT SDMX,6_471_DF_DCSP_LACIS_13,Employees with a tertiary degree and economic activities (Nace 2 digit)
A,IT,POPI_MAN2018,00110,W_GE10,EMPUD6,ALL,ALL,ALL,ALL,2022,6572,2022,ISTAT SDMX,6_471_DF_DCSP_LACIS_13,Employees with a tertiary degree and economic activities (Nace 2 digit)
A,IT,POPI_MAN2018,0020,W_GE10,ALL,ALL,ALL,ALL,ALL,2022,43541,2022,ISTAT SDMX,6_471_DF_DCSP_LACIS_13,Employees with a tertiary degree and economic activities (Nace 2 digit)
A,IT,POPI_MAN2018,0020,W_GE10,EMPUD0,ALL,ALL,ALL,ALL,2022,14973,2022,ISTAT SDMX,6_471_DF_DCSP_LACIS_13,Employees with a tertiary degree and economic activities (Nace 2 digit)
A,IT,POPI_MAN2018,0020,W_GE10,EMPUD1,ALL,ALL,ALL,ALL,2022,8617,2022,ISTAT SDMX,6_471_DF_DCSP_LACIS_13,Employees with a tertiary degree and economic activities (Nace 2 digit)
A,IT,POPI_MAN2018,0020,W_GE10,EMPUD2,ALL,ALL,ALL,ALL,2022,6018,2022,ISTAT SDMX,6_471_DF_DCSP_LACIS_13,Employees with a tertiary degree and economic activities (Nace 2 digit)
A,IT,POPI_MAN2018,0020,W_GE10,EMPUD3,ALL,ALL,ALL,ALL,2022,5834,2022,ISTAT SDMX,6_471_DF_DCSP_LACIS_13,Employees with a tertiary degree and economic activities (Nace 2 digit)
A,IT,POPI_MAN2018,0020,W_GE10,EMPUD4,ALL,ALL,ALL,ALL,2022,3608,2022,ISTAT SDMX,6_471_DF_DCSP_LACIS_13,Employees with a tertiary degree and economic activities (Nace 2 digit)
A,IT,POPI_MAN2018,0020,W_GE10,EMPUD5,ALL,ALL,ALL,ALL,2022,1894,2022,ISTAT SDMX,6_471_DF_DCSP_LACIS_13,Employees with a tertiary degree and economic activities (Nace 2 digit)
A,IT,POPI_MAN2018,0020,W_GE10,EMPUD6,ALL,ALL,ALL,ALL,2022,2430,2022,ISTAT SDMX,6_471_DF_DCSP_LACIS_13,Employees with a tertiary degree and economic activities (Nace 2 digit)
A,IT,POPI_MAN2018,13,W_GE10,ALL,ALL,ALL,ALL,ALL,2022,1372,2022,ISTAT SDMX,6_471_DF_DCSP_LACIS_13,Employees with a tertiary degree and economic activities (Nace 2 digit)
A,IT,POPI_MAN2018,13,W_GE10,EMPUD0,ALL,ALL,ALL,ALL,2022,759,2022,ISTAT SDMX,6_471_DF_DCSP_LACIS_13,Employees with a tertiary degree and economic activities (Nace 2 digit)
A,IT,POPI_MAN2018,13,W_GE10,EMPUD1,ALL,ALL,ALL,ALL,2022,292,2022,ISTAT SDMX,6_471_DF_DCSP_LACIS_13,Employees with a tertiary degree and economic activities (Nace 2 digit)
A,IT,POPI_MAN2018,13,W_GE10,EMPUD2,ALL,ALL,ALL,ALL,2022,88,2022,ISTAT SDMX,6_471_DF_DCSP_LACIS_13,Employees with a tertiary degree and economic activities (Nace 2 digit)
A,IT,POPI_MAN2018,13,W_GE10,EMPUD3,ALL,ALL,ALL,ALL,2022,99,2022,ISTAT SDMX,6_471_DF_DCSP_LACIS_13,Employees with a tertiary degree and economic activities (Nace 2 digit)
A,IT,POPI_MAN2018,13,W_GE10,EMPUD4,ALL,ALL,ALL,ALL,2022,103,2022,ISTAT SDMX,6_471_DF_DCSP_LACIS_13,Employees with a tertiary degree and economic activities (Nace 2 digit)
A,IT,POPI_MAN2018,13,W_GE10,EMPUD5,ALL,ALL,ALL,ALL,2022,16,2022,ISTAT SDMX,6_471_DF_DCSP_LACIS_13,Employees with a tertiary degree and economic activities (Nace 2 digit)
A,IT,POPI_MAN2018,13,W_GE10,EMPUD6,ALL,ALL,ALL,ALL,2022,15,2022,ISTAT SDMX,6_471_DF_DCSP_LACIS_13,Employees with a tertiary degree and economic activities (Nace 2 digit)
A,IT,POPI_MAN2018,14_15,W_GE10,ALL,ALL,ALL,ALL,ALL,2022,3758,2022,ISTAT SDMX,6_471_DF_DCSP_LACIS_13,Employees with a tertiary degree and economic activities (Nace 2 digit)
A,IT,POPI_MAN2018,14_15,W_GE10,EMPUD0,ALL,ALL,ALL,ALL,2022,1624,2022,ISTAT SDMX,6_471_DF_DCSP_LACIS_13,Employees with a tertiary degree and economic activities (Nace 2 digit)
A,IT,POPI_MAN2018,14_15,W_GE10,EMPUD1,ALL,ALL,ALL,ALL,2022,620,2022,ISTAT SDMX,6_471_DF_DCSP_LACIS_13,Employees with a tertiary degree and economic activities (Nace 2 digit)
A,IT,POPI_MAN2018,14_15,W_GE10,EMPUD2,ALL,ALL,ALL,ALL,2022,461,2022,ISTAT SDMX,6_471_DF_DCSP_LACIS_13,Employees with a tertiary degree and economic activities (Nace 2 digit)
A,IT,POPI_MAN2018,14_15,W_GE10,EMPUD3,ALL,ALL,ALL,ALL,2022,438,2022,ISTAT SDMX,6_471_DF_DCSP_LACIS_13,Employees with a tertiary degree and economic activities (Nace 2 digit)
A,IT,POPI_MAN2018,14_15,W_GE10,EMPUD4,ALL,ALL,ALL,ALL,2022,192,2022,ISTAT SDMX,6_471_DF_DCSP_LACIS_13,Employees with a tertiary degree and economic activities (Nace 2 digit)
A,IT,POPI_MAN2018,14_15,W_GE10,EMPUD5,ALL,ALL,ALL,ALL,2022,173,2022,ISTAT SDMX,6_471_DF_DCSP_LACIS_13,Employees with a tertiary degree and economic activities (Nace 2 digit)
A,IT,POPI_MAN2018,14_15,W_GE10,EMPUD6,ALL,ALL,ALL,ALL,2022,205,2022,ISTAT SDMX,6_471_DF_DCSP_LACIS_13,Employees with a tertiary degree and economic activities (Nace 2 digit)
A,IT,POPI_MAN2018,16,W_GE10,ALL,ALL,ALL,ALL,ALL,2022,1012,2022,ISTAT SDMX,6_471_DF_DCSP_LACIS_13,Employees with a tertiary degree and economic activities (Nace 2 digit)
A,IT,POPI_MAN2018,16,W_GE10,EMPUD0,ALL,ALL,ALL,ALL,2022,406,2022,ISTAT SDMX,6_471_DF_DCSP_LACIS_13,Employees with a tertiary degree and economic activities (Nace 2 digit)
A,IT,POPI_MAN2018,16,W_GE10,EMPUD1,ALL,ALL,ALL,ALL,2022,241,2022,ISTAT SDMX,6_471_DF_DCSP_LACIS_13,Employees with a tertiary degree and economic activities (Nace 2 digit)
A,IT,POPI_MAN2018,16,W_GE10,EMPUD2,ALL,ALL,ALL,ALL,2022,148,2022,ISTAT SDMX,6_471_DF_DCSP_LACIS_13,Employees with a tertiary degree and economic activities (Nace 2 digit)
A,IT,POPI_MAN2018,16,W_GE10,EMPUD3,ALL,ALL,ALL,ALL,2022,89,2022,ISTAT SDMX,6_471_DF_DCSP_LACIS_13,Employees with a tertiary degree and economic activities (Nace 2 digit)
A,IT,POPI_MAN2018,16,W_GE10,EMPUD4,ALL,ALL,ALL,ALL,2022,96,2022,ISTAT SDMX,6_471_DF_DCSP_LACIS_13,Employees with a tertiary degree and economic activities (Nace 2 digit)
A,IT,POPI_MAN2018,16,W_GE10,EMPUD5,ALL,ALL,ALL,ALL,2022,29,2022,ISTAT SDMX,6_471_DF_DCSP_LACIS_13,Employees with a tertiary degree and economic activities (Nace 2 digit)
A,IT,POPI_MAN2018,16,W_GE10,EMPUD6,ALL,ALL,ALL,ALL,2022,2,2022,ISTAT SDMX,6_471_DF_DCSP_LACIS_13,Employees with a tertiary degree and economic activities (Nace 2 digit)
A,IT,POPI_MAN2018,17,W_GE10,ALL,ALL,ALL,ALL,ALL,2022,787,2022,ISTAT SDMX,6_471_DF_DCSP_LACIS_13,Employees with a tertiary degree and economic activities (Nace 2 digit)
A,IT,POPI_MAN2018,17,W_GE10,EMPUD0,ALL,ALL,ALL,ALL,2022,222,2022,ISTAT SDMX,6_471_DF_DCSP_LACIS_13,Employees with a tertiary degree and economic activities (Nace 2 digit)
A,IT,POPI_MAN2018,17,W_GE10,EMPUD1,ALL,ALL,ALL,ALL,2022,210,2022,ISTAT SDMX,6_471_DF_DCSP_LACIS_13,Employees with a tertiary degree and economic activities (Nace 2 digit)
A,IT,POPI_MAN2018,17,W_GE10,EMPUD2,ALL,ALL,ALL,ALL,2022,124,2022,ISTAT SDMX,6_471_DF_DCSP_LACIS_13,Employees with a tertiary degree and economic activities (Nace 2 digit)
A,IT,POPI_MAN2018,17,W_GE10,EMPUD3,ALL,ALL,ALL,ALL,2022,94,2022,ISTAT SDMX,6_471_DF_DCSP_LACIS_13,Employees with a tertiary degree and economic activities (Nace 2 digit)
A,IT,POPI_MAN2018,17,W_GE10,EMPUD4,ALL,ALL,ALL,ALL,2022,74,2022,ISTAT SDMX,6_471_DF_DCSP_LACIS_13,Employees with a tertiary degree and economic activities (Nace 2 digit)
A,IT,POPI_MAN2018,17,W_GE10,EMPUD5,ALL,ALL,ALL,ALL,2022,5,2022,ISTAT SDMX,6_471_DF_DCSP_LACIS_13,Employees with a tertiary degree and economic activities (Nace 2 digit)
A,IT,POPI_MAN2018,17,W_GE10,EMPUD6,ALL,ALL,ALL,ALL,2022,57,2022,ISTAT SDMX,6_471_DF_DCSP_LACIS_13,Employees with a tertiary degree and economic activities (Nace 2 digit)
A,IT,POPI_MAN2018,18,W_GE10,ALL,ALL,ALL,ALL,ALL,2022,929,2022,ISTAT SDMX,6_471_DF_DCSP_LACIS_13,Employees with a tertiary degree and economic activities (Nace 2 digit)
A,IT,POPI_MAN2018,18,W_GE10,EMPUD0,ALL,ALL,ALL,ALL,2022,385,2022,ISTAT SDMX,6_471_DF_DCSP_LACIS_13,Employees with a tertiary degree and economic activities (Nace 2 digit)
A,IT,POPI_MAN2018,18,W_GE10,EMPUD1,ALL,ALL,ALL,ALL,2022,200,2022,ISTAT SDMX,6_471_DF_DCSP_LACIS_13,Employees with a tertiary degree and economic activities (Nace 2 digit)
A,IT,POPI_MAN2018,18,W_GE10,EMPUD2,ALL,ALL,ALL,ALL,2022,100,2022,ISTAT SDMX,6_471_DF_DCSP_LACIS_13,Employees with a tertiary degree and economic activities (Nace 2 digit)
A,IT,POPI_MAN2018,18,W_GE10,EMPUD3,ALL,ALL,ALL,ALL,2022,102,2022,ISTAT SDMX,6_471_DF_DCSP_LACIS_13,Employees with a tertiary degree and economic activities (Nace 2 digit)
A,IT,POPI_MAN2018,18,W_GE10,EMPUD4,ALL,ALL,ALL,ALL,2022,83,2022,ISTAT SDMX,6_471_DF_DCSP_LACIS_13,Employees with a tertiary degree and economic activities (Nace 2 digit)
A,IT,POPI_MAN2018,18,W_GE10,EMPUD5,ALL,ALL,ALL,ALL,2022,21,2022,ISTAT SDMX,6_471_DF_DCSP_LACIS_13,Employees with a tertiary degree and economic activities (Nace 2 digit)
A,IT,POPI_MAN2018,18,W_GE10,EMPUD6,ALL,ALL,ALL,ALL,2022,39,2022,ISTAT SDMX,6_471_DF_DCSP_LACIS_13,Employees with a tertiary degree and economic activities (Nace 2 digit)
A,IT,POPI_MAN2018,19,W_GE10,ALL,ALL,ALL,ALL,ALL,2022,57,2022,ISTAT SDMX,6_471_DF_DCSP_LACIS_13,Employees with a tertiary degree and economic activities (Nace 2 digit)
A,IT,POPI_MAN2018,19,W_GE10,EMPUD0,ALL,ALL,ALL,ALL,2022,15,2022,ISTAT SDMX,6_471_DF_DCSP_LACIS_13,Employees with a tertiary degree and economic activities (Nace 2 digit)
A,IT,POPI_MAN2018,19,W_GE10,EMPUD1,ALL,ALL,ALL,ALL,2022,19,2022,ISTAT SDMX,6_471_DF_DCSP_LACIS_13,Employees with a tertiary degree and economic activities (Nace 2 digit)
A,IT,POPI_MAN2018,19,W_GE10,EMPUD2,ALL,ALL,ALL,ALL,2022,0,2022,ISTAT SDMX,6_471_DF_DCSP_LACIS_13,Employees with a tertiary degree and economic activities (Nace 2 digit)
A,IT,POPI_MAN2018,19,W_GE10,EMPUD3,ALL,ALL,ALL,ALL,2022,3,2022,ISTAT SDMX,6_471_DF_DCSP_LACIS_13,Employees with a tertiary degree and economic activities (Nace 2 digit)
A,IT,POPI_MAN2018,19,W_GE10,EMPUD4,ALL,ALL,ALL,ALL,2022,5,2022,ISTAT SDMX,6_471_DF_DCSP_LACIS_13,Employees with a tertiary degree and economic activities (Nace 2 digit)
A,IT,POPI_MAN2018,19,W_GE10,EMPUD5,ALL,ALL,ALL,ALL,2022,10,2022,ISTAT SDMX,6_471_DF_DCSP_LACIS_13,Employees with a tertiary degree and economic activities (Nace 2 digit)
A,IT,POPI_MAN2018,19,W_GE10,EMPUD6,ALL,ALL,ALL,ALL,2022,4,2022,ISTAT SDMX,6_471_DF_DCSP_LACIS_13,Employees with a tertiary degree and economic activities (Nace 2 digit)
A,IT,POPI_MAN2018,20,W_GE10,ALL,ALL,ALL,ALL,ALL,2022,1158,2022,ISTAT SDMX,6_471_DF_DCSP_LACIS_13,Employees with a tertiary degree and economic activities (Nace 2 digit)
A,IT,POPI_MAN2018,20,W_GE10,EMPUD0,ALL,ALL,ALL,ALL,2022,148,2022,ISTAT SDMX,6_471_DF_DCSP_LACIS_13,Employees with a tertiary degree and economic activities (Nace 2 digit)
A,IT,POPI_MAN2018,20,W_GE10,EMPUD1,ALL,ALL,ALL,ALL,2022,159,2022,ISTAT SDMX,6_471_DF_DCSP_LACIS_13,Employees with a tertiary degree and economic activities (Nace 2 digit)
A,IT,POPI_MAN2018,20,W_GE10,EMPUD2,ALL,ALL,ALL,ALL,2022,322,2022,ISTAT SDMX,6_471_DF_DCSP_LACIS_13,Employees with a tertiary degree and economic activities (Nace 2 digit)
A,IT,POPI_MAN2018,20,W_GE10,EMPUD3,ALL,ALL,ALL,ALL,2022,183,2022,ISTAT SDMX,6_471_DF_DCSP_LACIS_13,Employees with a tertiary degree and economic activities (Nace 2 digit)
A,IT,POPI_MAN2018,20,W_GE10,EMPUD4,ALL,ALL,ALL,ALL,2022,175,2022,ISTAT SDMX,6_471_DF_DCSP_LACIS_13,Employees with a tertiary degree and economic activities (Nace 2 digit)
A,IT,POPI_MAN2018,20,W_GE10,EMPUD5,ALL,ALL,ALL,ALL,2022,79,2022,ISTAT SDMX,6_471_DF_DCSP_LACIS_13,Employees with a tertiary degree and economic activities (Nace 2 digit)
A,IT,POPI_MAN2018,20,W_GE10,EMPUD6,ALL,ALL,ALL,ALL,2022,83,2022,ISTAT SDMX,6_471_DF_DCSP_LACIS_13,Employees with a tertiary degree and economic activities (Nace 2 digit)
A,IT,POPI_MAN2018,21,W_GE10,ALL,ALL,ALL,ALL,ALL,2022,211,2022,ISTAT SDMX,6_471_DF_DCSP_LACIS_13,Employees with a tertiary degree and economic activities (Nace 2 digit)
A,IT,POPI_MAN2018,21,W_GE10,EMPUD0,ALL,ALL,ALL,ALL,2022,0,2022,ISTAT SDMX,6_471_DF_DCSP_LACIS_13,Employees with a tertiary degree and economic activities (Nace 2 digit)
A,IT,POPI_MAN2018,21,W_GE10,EMPUD1,ALL,ALL,ALL,ALL,2022,0,2022,ISTAT SDMX,6_471_DF_DCSP_LACIS_13,Employees with a tertiary degree and economic activities (Nace 2 digit)
A,IT,POPI_MAN2018,21,W_GE10,EMPUD2,ALL,ALL,ALL,ALL,2022,7,2022,ISTAT SDMX,6_471_DF_DCSP_LACIS_13,Employees with a tertiary degree and economic activities (Nace 2 digit)
A,IT,POPI_MAN2018,21,W_GE10,EMPUD3,ALL,ALL,ALL,ALL,2022,25,2022,ISTAT SDMX,6_471_DF_DCSP_LACIS_13,Employees with a tertiary degree and economic activities (Nace 2 digit)
A,IT,POPI_MAN2018,21,W_GE10,EMPUD4,ALL,ALL,ALL,ALL,2022,49,2022,ISTAT SDMX,6_471_DF_DCSP_LACIS_13,Employees with a tertiary degree and economic activities (Nace 2 digit)
A,IT,POPI_MAN2018,21,W_GE10,EMPUD5,ALL,ALL,ALL,ALL,2022,62,2022,ISTAT SDMX,6_471_DF_DCSP_LACIS_13,Employees with a tertiary degree and economic activities (Nace 2 digit)
A,IT,POPI_MAN2018,21,W_GE10,EMPUD6,ALL,ALL,ALL,ALL,2022,68,2022,ISTAT SDMX,6_471_DF_DCSP_LACIS_13,Employees with a tertiary degree and economic activities (Nace 2 digit)
A,IT,POPI_MAN2018,22,W_GE10,ALL,ALL,ALL,ALL,ALL,2022,2598,2022,ISTAT SDMX,6_471_DF_DCSP_LACIS_13,Employees with a tertiary degree and economic activities (Nace 2 digit)
A,IT,POPI_MAN2018,22,W_GE10,EMPUD0,ALL,ALL,ALL,ALL,2022,736,2022,ISTAT SDMX,6_471_DF_DCSP_LACIS_13,Employees with a tertiary degree and economic activities (Nace 2 digit)
A,IT,POPI_MAN2018,22,W_GE10,EMPUD1,ALL,ALL,ALL,ALL,2022,588,2022,ISTAT SDMX,6_471_DF_DCSP_LACIS_13,Employees with a tertiary degree and economic activities (Nace 2 digit)
A,IT,POPI_MAN2018,22,W_GE10,EMPUD2,ALL,ALL,ALL,ALL,2022,496,2022,ISTAT SDMX,6_471_DF_DCSP_LACIS_13,Employees with a tertiary degree and economic activities (Nace 2 digit)
A,IT,POPI_MAN2018,22,W_GE10,EMPUD3,ALL,ALL,ALL,ALL,2022,397,2022,ISTAT SDMX,6_471_DF_DCSP_LACIS_13,Employees with a tertiary degree and economic activities (Nace 2 digit)
A,IT,POPI_MAN2018,22,W_GE10,EMPUD4,ALL,ALL,ALL,ALL,2022,219,2022,ISTAT SDMX,6_471_DF_DCSP_LACIS_13,Employees with a tertiary degree and economic activities (Nace 2 digit)
A,IT,POPI_MAN2018,22,W_GE10,EMPUD5,ALL,ALL,ALL,ALL,2022,70,2022,ISTAT SDMX,6_471_DF_DCSP_LACIS_13,Employees with a tertiary degree and economic activities (Nace 2 digit)
A,IT,POPI_MAN2018,22,W_GE10,EMPUD6,ALL,ALL,ALL,ALL,2022,92,2022,ISTAT SDMX,6_471_DF_DCSP_LACIS_13,Employees with a tertiary degree and economic activities (Nace 2 digit)
A,IT,POPI_MAN2018,23,W_GE10,ALL,ALL,ALL,ALL,ALL,2022,1376,2022,ISTAT SDMX,6_471_DF_DCSP_LACIS_13,Employees with a tertiary degree and economic activities (Nace 2 digit)
A,IT,POPI_MAN2018,23,W_GE10,EMPUD0,ALL,ALL,ALL,ALL,2022,459,2022,ISTAT SDMX,6_471_DF_DCSP_LACIS_13,Employees with a tertiary degree and economic activities (Nace 2 digit)
A,IT,POPI_MAN2018,23,W_GE10,EMPUD1,ALL,ALL,ALL,ALL,2022,355,2022,ISTAT SDMX,6_471_DF_DCSP_LACIS_13,Employees with a tertiary degree and economic activities (Nace 2 digit)
A,IT,POPI_MAN2018,23,W_GE10,EMPUD2,ALL,ALL,ALL,ALL,2022,127,2022,ISTAT SDMX,6_471_DF_DCSP_LACIS_13,Employees with a tertiary degree and economic activities (Nace 2 digit)
A,IT,POPI_MAN2018,23,W_GE10,EMPUD3,ALL,ALL,ALL,ALL,2022,169,2022,ISTAT SDMX,6_471_DF_DCSP_LACIS_13,Employees with a tertiary degree and economic activities (Nace 2 digit)
A,IT,POPI_MAN2018,23,W_GE10,EMPUD4,ALL,ALL,ALL,ALL,2022,82,2022,ISTAT SDMX,6_471_DF_DCSP_LACIS_13,Employees with a tertiary degree and economic activities (Nace 2 digit)
A,IT,POPI_MAN2018,23,W_GE10,EMPUD5,ALL,ALL,ALL,ALL,2022,78,2022,ISTAT SDMX,6_471_DF_DCSP_LACIS_13,Employees with a tertiary degree and economic activities (Nace 2 digit)
A,IT,POPI_MAN2018,23,W_GE10,EMPUD6,ALL,ALL,ALL,ALL,2022,105,2022,ISTAT SDMX,6_471_DF_DCSP_LACIS_13,Employees with a tertiary degree and economic activities (Nace 2 digit)
A,IT,POPI_MAN2018,24_25,W_GE10,ALL,ALL,ALL,ALL,ALL,2022,9761,2022,ISTAT SDMX,6_471_DF_DCSP_LACIS_13,Employees with a tertiary degree and economic activities (Nace 2 digit)
A,IT,POPI_MAN2018,24_25,W_GE10,EMPUD0,ALL,ALL,ALL,ALL,2022,4574,2022,ISTAT SDMX,6_471_DF_DCSP_LACIS_13,Employees with a tertiary degree and economic activities (Nace 2 digit)
A,IT,POPI_MAN2018,24_25,W_GE10,EMPUD1,ALL,ALL,ALL,ALL,2022,2063,2022,ISTAT SDMX,6_471_DF_DCSP_LACIS_13,Employees with a tertiary degree and economic activities (Nace 2 digit)
A,IT,POPI_MAN2018,24_25,W_GE10,EMPUD2,ALL,ALL,ALL,ALL,2022,1286,2022,ISTAT SDMX,6_471_DF_DCSP_LACIS_13,Employees with a tertiary degree and economic activities (Nace 2 digit)
A,IT,POPI_MAN2018,24_25,W_GE10,EMPUD3,ALL,ALL,ALL,ALL,2022,1046,2022,ISTAT SDMX,6_471_DF_DCSP_LACIS_13,Employees with a tertiary degree and economic activities (Nace 2 digit)
A,IT,POPI_MAN2018,24_25,W_GE10,EMPUD4,ALL,ALL,ALL,ALL,2022,295,2022,ISTAT SDMX,6_471_DF_DCSP_LACIS_13,Employees with a tertiary degree and economic activities (Nace 2 digit)
A,IT,POPI_MAN2018,24_25,W_GE10,EMPUD5,ALL,ALL,ALL,ALL,2022,220,2022,ISTAT SDMX,6_471_DF_DCSP_LACIS_13,Employees with a tertiary degree and economic activities (Nace 2 digit)
A,IT,POPI_MAN2018,24_25,W_GE10,EMPUD6,ALL,ALL,ALL,ALL,2022,247,2022,ISTAT SDMX,6_471_DF_DCSP_LACIS_13,Employees with a tertiary degree and economic activities (Nace 2 digit)
A,IT,POPI_MAN2018,26,W_GE10,ALL,ALL,ALL,ALL,ALL,2022,1121,2022,ISTAT SDMX,6_471_DF_DCSP_LACIS_13,Employees with a tertiary degree and economic activities (Nace 2 digit)
A,IT,POPI_MAN2018,26,W_GE10,EMPUD0,ALL,ALL,ALL,ALL,2022,170,2022,ISTAT SDMX,6_471_DF_DCSP_LACIS_13,Employees with a tertiary degree and economic activities (Nace 2 digit)
A,IT,POPI_MAN2018,26,W_GE10,EMPUD1,ALL,ALL,ALL,ALL,2022,209,2022,ISTAT SDMX,6_471_DF_DCSP_LACIS_13,Employees with a tertiary degree and economic activities (Nace 2 digit)
A,IT,POPI_MAN2018,26,W_GE10,EMPUD2,ALL,ALL,ALL,ALL,2022,213,2022,ISTAT SDMX,6_471_DF_DCSP_LACIS_13,Employees with a tertiary degree and economic activities (Nace 2 digit)
A,IT,POPI_MAN2018,26,W_GE10,EMPUD3,ALL,ALL,ALL,ALL,2022,62,2022,ISTAT SDMX,6_471_DF_DCSP_LACIS_13,Employees with a tertiary degree and economic activities (Nace 2 digit)
A,IT,POPI_MAN2018,26,W_GE10,EMPUD4,ALL,ALL,ALL,ALL,2022,211,2022,ISTAT SDMX,6_471_DF_DCSP_LACIS_13,Employees with a tertiary degree and economic activities (Nace 2 digit)
A,IT,POPI_MAN2018,26,W_GE10,EMPUD5,ALL,ALL,ALL,ALL,2022,104,2022,ISTAT SDMX,6_471_DF_DCSP_LACIS_13,Employees with a tertiary degree and economic activities (Nace 2 digit)
A,IT,POPI_MAN2018,26,W_GE10,EMPUD6,ALL,ALL,ALL,ALL,2022,152,2022,ISTAT SDMX,6_471_DF_DCSP_LACIS_13,Employees with a tertiary degree and economic activities (Nace 2 digit)
A,IT,POPI_MAN2018,27,W_GE10,ALL,ALL,ALL,ALL,ALL,2022,1584,2022,ISTAT SDMX,6_471_DF_DCSP_LACIS_13,Employees with a tertiary degree and economic activities (Nace 2 digit)
A,IT,POPI_MAN2018,27,W_GE10,EMPUD0,ALL,ALL,ALL,ALL,2022,374,2022,ISTAT SDMX,6_471_DF_DCSP_LACIS_13,Employees with a tertiary degree and economic activities (Nace 2 digit)
A,IT,POPI_MAN2018,27,W_GE10,EMPUD1,ALL,ALL,ALL,ALL,2022,297,2022,ISTAT SDMX,6_471_DF_DCSP_LACIS_13,Employees with a tertiary degree and economic activities (Nace 2 digit)
A,IT,POPI_MAN2018,27,W_GE10,EMPUD2,ALL,ALL,ALL,ALL,2022,174,2022,ISTAT SDMX,6_471_DF_DCSP_LACIS_13,Employees with a tertiary degree and economic activities (Nace 2 digit)
A,IT,POPI_MAN2018,27,W_GE10,EMPUD3,ALL,ALL,ALL,ALL,2022,308,2022,ISTAT SDMX,6_471_DF_DCSP_LACIS_13,Employees with a tertiary degree and economic activities (Nace 2 digit)
A,IT,POPI_MAN2018,27,W_GE10,EMPUD4,ALL,ALL,ALL,ALL,2022,247,2022,ISTAT SDMX,6_471_DF_DCSP_LACIS_13,Employees with a tertiary degree and economic activities (Nace 2 digit)
A,IT,POPI_MAN2018,27,W_GE10,EMPUD5,ALL,ALL,ALL,ALL,2022,79,2022,ISTAT SDMX,6_471_DF_DCSP_LACIS_13,Employees with a tertiary degree and economic activities (Nace 2 digit)
A,IT,POPI_MAN2018,27,W_GE10,EMPUD6,ALL,ALL,ALL,ALL,2022,105,2022,ISTAT SDMX,6_471_DF_DCSP_LACIS_13,Employees with a tertiary degree and economic activities (Nace 2 digit)
A,IT,POPI_MAN2018,28,W_GE10,ALL,ALL,ALL,ALL,ALL,2022,5724,2022,ISTAT SDMX,6_471_DF_DCSP_LACIS_13,Employees with a tertiary degree and economic activities (Nace 2 digit)
A,IT,POPI_MAN2018,28,W_GE10,EMPUD0,ALL,ALL,ALL,ALL,2022,1545,2022,ISTAT SDMX,6_471_DF_DCSP_LACIS_13,Employees with a tertiary degree and economic activities (Nace 2 digit)
A,IT,POPI_MAN2018,28,W_GE10,EMPUD1,ALL,ALL,ALL,ALL,2022,775,2022,ISTAT SDMX,6_471_DF_DCSP_LACIS_13,Employees with a tertiary degree and economic activities (Nace 2 digit)
A,IT,POPI_MAN2018,28,W_GE10,EMPUD2,ALL,ALL,ALL,ALL,2022,984,2022,ISTAT SDMX,6_471_DF_DCSP_LACIS_13,Employees with a tertiary degree and economic activities (Nace 2 digit)
A,IT,POPI_MAN2018,28,W_GE10,EMPUD3,ALL,ALL,ALL,ALL,2022,948,2022,ISTAT SDMX,6_471_DF_DCSP_LACIS_13,Employees with a tertiary degree and economic activities (Nace 2 digit)
A,IT,POPI_MAN2018,28,W_GE10,EMPUD4,ALL,ALL,ALL,ALL,2022,697,2022,ISTAT SDMX,6_471_DF_DCSP_LACIS_13,Employees with a tertiary degree and economic activities (Nace 2 digit)
A,IT,POPI_MAN2018,28,W_GE10,EMPUD5,ALL,ALL,ALL,ALL,2022,356,2022,ISTAT SDMX,6_471_DF_DCSP_LACIS_13,Employees with a tertiary degree and economic activities (Nace 2 digit)
A,IT,POPI_MAN2018,28,W_GE10,EMPUD6,ALL,ALL,ALL,ALL,2022,418,2022,ISTAT SDMX,6_471_DF_DCSP_LACIS_13,Employees with a tertiary degree and economic activities (Nace 2 digit)
A,IT,POPI_MAN2018,29,W_GE10,ALL,ALL,ALL,ALL,ALL,2022,776,2022,ISTAT SDMX,6_471_DF_DCSP_LACIS_13,Employees with a tertiary degree and economic activities (Nace 2 digit)
A,IT,POPI_MAN2018,29,W_GE10,EMPUD0,ALL,ALL,ALL,ALL,2022,82,2022,ISTAT SDMX,6_471_DF_DCSP_LACIS_13,Employees with a tertiary degree and economic activities (Nace 2 digit)
A,IT,POPI_MAN2018,29,W_GE10,EMPUD1,ALL,ALL,ALL,ALL,2022,285,2022,ISTAT SDMX,6_471_DF_DCSP_LACIS_13,Employees with a tertiary degree and economic activities (Nace 2 digit)
A,IT,POPI_MAN2018,29,W_GE10,EMPUD2,ALL,ALL,ALL,ALL,2022,79,2022,ISTAT SDMX,6_471_DF_DCSP_LACIS_13,Employees with a tertiary degree and economic activities (Nace 2 digit)
A,IT,POPI_MAN2018,29,W_GE10,EMPUD3,ALL,ALL,ALL,ALL,2022,216,2022,ISTAT SDMX,6_471_DF_DCSP_LACIS_13,Employees with a tertiary degree and economic activities (Nace 2 digit)
A,IT,POPI_MAN2018,29,W_GE10,EMPUD4,ALL,ALL,ALL,ALL,2022,39,2022,ISTAT SDMX,6_471_DF_DCSP_LACIS_13,Employees with a tertiary degree and economic activities (Nace 2 digit)
A,IT,POPI_MAN2018,29,W_GE10,EMPUD5,ALL,ALL,ALL,ALL,2022,17,2022,ISTAT SDMX,6_471_DF_DCSP_LACIS_13,Employees with a tertiary degree and economic activities (Nace 2 digit)
A,IT,POPI_MAN2018,29,W_GE10,EMPUD6,ALL,ALL,ALL,ALL,2022,58,2022,ISTAT SDMX,6_471_DF_DCSP_LACIS_13,Employees with a tertiary degree and economic activities (Nace 2 digit)
A,IT,POPI_MAN2018,30,W_GE10,ALL,ALL,ALL,ALL,ALL,2022,496,2022,ISTAT SDMX,6_471_DF_DCSP_LACIS_13,Employees with a tertiary degree and economic activities (Nace 2 digit)
A,IT,POPI_MAN2018,30,W_GE10,EMPUD0,ALL,ALL,ALL,ALL,2022,45,2022,ISTAT SDMX,6_471_DF_DCSP_LACIS_13,Employees with a tertiary degree and economic activities (Nace 2 digit)
A,IT,POPI_MAN2018,30,W_GE10,EMPUD1,ALL,ALL,ALL,ALL,2022,97,2022,ISTAT SDMX,6_471_DF_DCSP_LACIS_13,Employees with a tertiary degree and economic activities (Nace 2 digit)
A,IT,POPI_MAN2018,30,W_GE10,EMPUD2,ALL,ALL,ALL,ALL,2022,32,2022,ISTAT SDMX,6_471_DF_DCSP_LACIS_13,Employees with a tertiary degree and economic activities (Nace 2 digit)
A,IT,POPI_MAN2018,30,W_GE10,EMPUD3,ALL,ALL,ALL,ALL,2022,98,2022,ISTAT SDMX,6_471_DF_DCSP_LACIS_13,Employees with a tertiary degree and economic activities (Nace 2 digit)
A,IT,POPI_MAN2018,30,W_GE10,EMPUD4,ALL,ALL,ALL,ALL,2022,79,2022,ISTAT SDMX,6_471_DF_DCSP_LACIS_13,Employees with a tertiary degree and economic activities (Nace 2 digit)
A,IT,POPI_MAN2018,30,W_GE10,EMPUD5,ALL,ALL,ALL,ALL,2022,86,2022,ISTAT SDMX,6_471_DF_DCSP_LACIS_13,Employees with a tertiary degree and economic activities (Nace 2 digit)
A,IT,POPI_MAN2018,30,W_GE10,EMPUD6,ALL,ALL,ALL,ALL,2022,58,2022,ISTAT SDMX,6_471_DF_DCSP_LACIS_13,Employees with a tertiary degree and economic activities (Nace 2 digit)
A,IT,POPI_MAN2018,31,W_GE10,ALL,ALL,ALL,ALL,ALL,2022,1777,2022,ISTAT SDMX,6_471_DF_DCSP_LACIS_13,Employees with a tertiary degree and economic activities (Nace 2 digit)
A,IT,POPI_MAN2018,31,W_GE10,EMPUD0,ALL,ALL,ALL,ALL,2022,836,2022,ISTAT SDMX,6_471_DF_DCSP_LACIS_13,Employees with a tertiary degree and economic activities (Nace 2 digit)
A,IT,POPI_MAN2018,31,W_GE10,EMPUD1,ALL,ALL,ALL,ALL,2022,339,2022,ISTAT SDMX,6_471_DF_DCSP_LACIS_13,Employees with a tertiary degree and economic activities (Nace 2 digit)
A,IT,POPI_MAN2018,31,W_GE10,EMPUD2,ALL,ALL,ALL,ALL,2022,130,2022,ISTAT SDMX,6_471_DF_DCSP_LACIS_13,Employees with a tertiary degree and economic activities (Nace 2 digit)
A,IT,POPI_MAN2018,31,W_GE10,EMPUD3,ALL,ALL,ALL,ALL,2022,248,2022,ISTAT SDMX,6_471_DF_DCSP_LACIS_13,Employees with a tertiary degree and economic activities (Nace 2 digit)
A,IT,POPI_MAN2018,31,W_GE10,EMPUD4,ALL,ALL,ALL,ALL,2022,120,2022,ISTAT SDMX,6_471_DF_DCSP_LACIS_13,Employees with a tertiary degree and economic activities (Nace 2 digit)
A,IT,POPI_MAN2018,31,W_GE10,EMPUD5,ALL,ALL,ALL,ALL,2022,41,2022,ISTAT SDMX,6_471_DF_DCSP_LACIS_13,Employees with a tertiary degree and economic activities (Nace 2 digit)
A,IT,POPI_MAN2018,31,W_GE10,EMPUD6,ALL,ALL,ALL,ALL,2022,58,2022,ISTAT SDMX,6_471_DF_DCSP_LACIS_13,Employees with a tertiary degree and economic activities (Nace 2 digit)
A,IT,POPI_MAN2018,32,W_GE10,ALL,ALL,ALL,ALL,ALL,2022,1200,2022,ISTAT SDMX,6_471_DF_DCSP_LACIS_13,Employees with a tertiary degree and economic activities (Nace 2 digit)
A,IT,POPI_MAN2018,32,W_GE10,EMPUD0,ALL,ALL,ALL,ALL,2022,473,2022,ISTAT SDMX,6_471_DF_DCSP_LACIS_13,Employees with a tertiary degree and economic activities (Nace 2 digit)
A,IT,POPI_MAN2018,32,W_GE10,EMPUD1,ALL,ALL,ALL,ALL,2022,172,2022,ISTAT SDMX,6_471_DF_DCSP_LACIS_13,Employees with a tertiary degree and economic activities (Nace 2 digit)
A,IT,POPI_MAN2018,32,W_GE10,EMPUD2,ALL,ALL,ALL,ALL,2022,94,2022,ISTAT SDMX,6_471_DF_DCSP_LACIS_13,Employees with a tertiary degree and economic activities (Nace 2 digit)
A,IT,POPI_MAN2018,32,W_GE10,EMPUD3,ALL,ALL,ALL,ALL,2022,162,2022,ISTAT SDMX,6_471_DF_DCSP_LACIS_13,Employees with a tertiary degree and economic activities (Nace 2 digit)
A,IT,POPI_MAN2018,32,W_GE10,EMPUD4,ALL,ALL,ALL,ALL,2022,112,2022,ISTAT SDMX,6_471_DF_DCSP_LACIS_13,Employees with a tertiary degree and economic activities (Nace 2 digit)
A,IT,POPI_MAN2018,32,W_GE10,EMPUD5,ALL,ALL,ALL,ALL,2022,93,2022,ISTAT SDMX,6_471_DF_DCSP_LACIS_13,Employees with a tertiary degree and economic activities (Nace 2 digit)
A,IT,POPI_MAN2018,32,W_GE10,EMPUD6,ALL,ALL,ALL,ALL,2022,94,2022,ISTAT SDMX,6_471_DF_DCSP_LACIS_13,Employees with a tertiary degree and economic activities (Nace 2 digit)
A,IT,POPI_MAN2018,33,W_GE10,ALL,ALL,ALL,ALL,ALL,2022,1722,2022,ISTAT SDMX,6_471_DF_DCSP_LACIS_13,Employees with a tertiary degree and economic activities (Nace 2 digit)
A,IT,POPI_MAN2018,33,W_GE10,EMPUD0,ALL,ALL,ALL,ALL,2022,460,2022,ISTAT SDMX,6_471_DF_DCSP_LACIS_13,Employees with a tertiary degree and economic activities (Nace 2 digit)
A,IT,POPI_MAN2018,33,W_GE10,EMPUD1,ALL,ALL,ALL,ALL,2022,363,2022,ISTAT SDMX,6_471_DF_DCSP_LACIS_13,Employees with a tertiary degree and economic activities (Nace 2 digit)
A,IT,POPI_MAN2018,33,W_GE10,EMPUD2,ALL,ALL,ALL,ALL,2022,336,2022,ISTAT SDMX,6_471_DF_DCSP_LACIS_13,Employees with a tertiary degree and economic activities (Nace 2 digit)
A,IT,POPI_MAN2018,33,W_GE10,EMPUD3,ALL,ALL,ALL,ALL,2022,148,2022,ISTAT SDMX,6_471_DF_DCSP_LACIS_13,Employees with a tertiary degree and economic activities (Nace 2 digit)
A,IT,POPI_MAN2018,33,W_GE10,EMPUD4,ALL,ALL,ALL,ALL,2022,140,2022,ISTAT SDMX,6_471_DF_DCSP_LACIS_13,Employees with a tertiary degree and economic activities (Nace 2 digit)
A,IT,POPI_MAN2018,33,W_GE10,EMPUD5,ALL,ALL,ALL,ALL,2022,72,2022,ISTAT SDMX,6_471_DF_DCSP_LACIS_13,Employees with a tertiary degree and economic activities (Nace 2 digit)
A,IT,POPI_MAN2018,33,W_GE10,EMPUD6,ALL,ALL,ALL,ALL,2022,174,2022,ISTAT SDMX,6_471_DF_DCSP_LACIS_13,Employees with a tertiary degree and economic activities (Nace 2 digit)
A,IT,POPI_MAN2018,45,W_GE10,ALL,ALL,ALL,ALL,ALL,2022,2530,2022,ISTAT SDMX,6_471_DF_DCSP_LACIS_13,Employees with a tertiary degree and economic activities (Nace 2 digit)
A,IT,POPI_MAN2018,45,W_GE10,EMPUD0,ALL,ALL,ALL,ALL,2022,1118,2022,ISTAT SDMX,6_471_DF_DCSP_LACIS_13,Employees with a tertiary degree and economic activities (Nace 2 digit)
A,IT,POPI_MAN2018,45,W_GE10,EMPUD1,ALL,ALL,ALL,ALL,2022,461,2022,ISTAT SDMX,6_471_DF_DCSP_LACIS_13,Employees with a tertiary degree and economic activities (Nace 2 digit)
A,IT,POPI_MAN2018,45,W_GE10,EMPUD2,ALL,ALL,ALL,ALL,2022,295,2022,ISTAT SDMX,6_471_DF_DCSP_LACIS_13,Employees with a tertiary degree and economic activities (Nace 2 digit)
A,IT,POPI_MAN2018,45,W_GE10,EMPUD3,ALL,ALL,ALL,ALL,2022,217,2022,ISTAT SDMX,6_471_DF_DCSP_LACIS_13,Employees with a tertiary degree and economic activities (Nace 2 digit)
A,IT,POPI_MAN2018,45,W_GE10,EMPUD4,ALL,ALL,ALL,ALL,2022,175,2022,ISTAT SDMX,6_471_DF_DCSP_LACIS_13,Employees with a tertiary degree and economic activities (Nace 2 digit)
A,IT,POPI_MAN2018,45,W_GE10,EMPUD5,ALL,ALL,ALL,ALL,2022,130,2022,ISTAT SDMX,6_471_DF_DCSP_LACIS_13,Employees with a tertiary degree and economic activities (Nace 2 digit)
A,IT,POPI_MAN2018,45,W_GE10,EMPUD6,ALL,ALL,ALL,ALL,2022,113,2022,ISTAT SDMX,6_471_DF_DCSP_LACIS_13,Employees with a tertiary degree and economic activities (Nace 2 digit)
A,IT,POPI_MAN2018,46,W_GE10,ALL,ALL,ALL,ALL,ALL,2022,10306,2022,ISTAT SDMX,6_471_DF_DCSP_LACIS_13,Employees with a tertiary degree and economic activities (Nace 2 digit)
A,IT,POPI_MAN2018,46,W_GE10,EMPUD0,ALL,ALL,ALL,ALL,2022,2718,2022,ISTAT SDMX,6_471_DF_DCSP_LACIS_13,Employees with a tertiary degree and economic activities (Nace 2 digit)
A,IT,POPI_MAN2018,46,W_GE10,EMPUD1,ALL,ALL,ALL,ALL,2022,1951,2022,ISTAT SDMX,6_471_DF_DCSP_LACIS_13,Employees with a tertiary degree and economic activities (Nace 2 digit)
A,IT,POPI_MAN2018,46,W_GE10,EMPUD2,ALL,ALL,ALL,ALL,2022,1261,2022,ISTAT SDMX,6_471_DF_DCSP_LACIS_13,Employees with a tertiary degree and economic activities (Nace 2 digit)
A,IT,POPI_MAN2018,46,W_GE10,EMPUD3,ALL,ALL,ALL,ALL,2022,1449,2022,ISTAT SDMX,6_471_DF_DCSP_LACIS_13,Employees with a tertiary degree and economic activities (Nace 2 digit)
A,IT,POPI_MAN2018,46,W_GE10,EMPUD4,ALL,ALL,ALL,ALL,2022,1151,2022,ISTAT SDMX,6_471_DF_DCSP_LACIS_13,Employees with a tertiary degree and economic activities (Nace 2 digit)
A,IT,POPI_MAN2018,46,W_GE10,EMPUD5,ALL,ALL,ALL,ALL,2022,747,2022,ISTAT SDMX,6_471_DF_DCSP_LACIS_13,Employees with a tertiary degree and economic activities (Nace 2 digit)
A,IT,POPI_MAN2018,46,W_GE10,EMPUD6,ALL,ALL,ALL,ALL,2022,890,2022,ISTAT SDMX,6_471_DF_DCSP_LACIS_13,Employees with a tertiary degree and economic activities (Nace 2 digit)
A,IT,POPI_MAN2018,47,W_GE10,ALL,ALL,ALL,ALL,ALL,2022,6905,2022,ISTAT SDMX,6_471_DF_DCSP_LACIS_13,Employees with a tertiary degree and economic activities (Nace 2 digit)
A,IT,POPI_MAN2018,47,W_GE10,EMPUD0,ALL,ALL,ALL,ALL,2022,2307,2022,ISTAT SDMX,6_471_DF_DCSP_LACIS_13,Employees with a tertiary degree and economic activities (Nace 2 digit)
A,IT,POPI_MAN2018,47,W_GE10,EMPUD1,ALL,ALL,ALL,ALL,2022,1068,2022,ISTAT SDMX,6_471_DF_DCSP_LACIS_13,Employees with a tertiary degree and economic activities (Nace 2 digit)
A,IT,POPI_MAN2018,47,W_GE10,EMPUD2,ALL,ALL,ALL,ALL,2022,800,2022,ISTAT SDMX,6_471_DF_DCSP_LACIS_13,Employees with a tertiary degree and economic activities (Nace 2 digit)
A,IT,POPI_MAN2018,47,W_GE10,EMPUD3,ALL,ALL,ALL,ALL,2022,535,2022,ISTAT SDMX,6_471_DF_DCSP_LACIS_13,Employees with a tertiary degree and economic activities (Nace 2 digit)
A,IT,POPI_MAN2018,47,W_GE10,EMPUD4,ALL,ALL,ALL,ALL,2022,542,2022,ISTAT SDMX,6_471_DF_DCSP_LACIS_13,Employees with a tertiary degree and economic activities (Nace 2 digit)
A,IT,POPI_MAN2018,47,W_GE10,EMPUD5,ALL,ALL,ALL,ALL,2022,514,2022,ISTAT SDMX,6_471_DF_DCSP_LACIS_13,Employees with a tertiary degree and economic activities (Nace 2 digit)
A,IT,POPI_MAN2018,47,W_GE10,EMPUD6,ALL,ALL,ALL,ALL,2022,1084,2022,ISTAT SDMX,6_471_DF_DCSP_LACIS_13,Employees with a tertiary degree and economic activities (Nace 2 digit)
A,IT,POPI_MAN2018,49_51,W_GE10,ALL,ALL,ALL,ALL,ALL,2022,4255,2022,ISTAT SDMX,6_471_DF_DCSP_LACIS_13,Employees with a tertiary degree and economic activities (Nace 2 digit)
A,IT,POPI_MAN2018,49_51,W_GE10,EMPUD0,ALL,ALL,ALL,ALL,2022,1917,2022,ISTAT SDMX,6_471_DF_DCSP_LACIS_13,Employees with a tertiary degree and economic activities (Nace 2 digit)
A,IT,POPI_MAN2018,49_51,W_GE10,EMPUD1,ALL,ALL,ALL,ALL,2022,948,2022,ISTAT SDMX,6_471_DF_DCSP_LACIS_13,Employees with a tertiary degree and economic activities (Nace 2 digit)
A,IT,POPI_MAN2018,49_51,W_GE10,EMPUD2,ALL,ALL,ALL,ALL,2022,379,2022,ISTAT SDMX,6_471_DF_DCSP_LACIS_13,Employees with a tertiary degree and economic activities (Nace 2 digit)
A,IT,POPI_MAN2018,49_51,W_GE10,EMPUD3,ALL,ALL,ALL,ALL,2022,310,2022,ISTAT SDMX,6_471_DF_DCSP_LACIS_13,Employees with a tertiary degree and economic activities (Nace 2 digit)
A,IT,POPI_MAN2018,49_51,W_GE10,EMPUD4,ALL,ALL,ALL,ALL,2022,329,2022,ISTAT SDMX,6_471_DF_DCSP_LACIS_13,Employees with a tertiary degree and economic activities (Nace 2 digit)
A,IT,POPI_MAN2018,49_51,W_GE10,EMPUD5,ALL,ALL,ALL,ALL,2022,114,2022,ISTAT SDMX,6_471_DF_DCSP_LACIS_13,Employees with a tertiary degree and economic activities (Nace 2 digit)
A,IT,POPI_MAN2018,49_51,W_GE10,EMPUD6,ALL,ALL,ALL,ALL,2022,183,2022,ISTAT SDMX,6_471_DF_DCSP_LACIS_13,Employees with a tertiary degree and economic activities (Nace 2 digit)
A,IT,POPI_MAN2018,52_53,W_GE10,ALL,ALL,ALL,ALL,ALL,2022,2527,2022,ISTAT SDMX,6_471_DF_DCSP_LACIS_13,Employees with a tertiary degree and economic activities (Nace 2 digit)
A,IT,POPI_MAN2018,52_53,W_GE10,EMPUD0,ALL,ALL,ALL,ALL,2022,663,2022,ISTAT SDMX,6_471_DF_DCSP_LACIS_13,Employees with a tertiary degree and economic activities (Nace 2 digit)
A,IT,POPI_MAN2018,52_53,W_GE10,EMPUD1,ALL,ALL,ALL,ALL,2022,595,2022,ISTAT SDMX,6_471_DF_DCSP_LACIS_13,Employees with a tertiary degree and economic activities (Nace 2 digit)
A,IT,POPI_MAN2018,52_53,W_GE10,EMPUD2,ALL,ALL,ALL,ALL,2022,240,2022,ISTAT SDMX,6_471_DF_DCSP_LACIS_13,Employees with a tertiary degree and economic activities (Nace 2 digit)
A,IT,POPI_MAN2018,52_53,W_GE10,EMPUD3,ALL,ALL,ALL,ALL,2022,292,2022,ISTAT SDMX,6_471_DF_DCSP_LACIS_13,Employees with a tertiary degree and economic activities (Nace 2 digit)
A,IT,POPI_MAN2018,52_53,W_GE10,EMPUD4,ALL,ALL,ALL,ALL,2022,302,2022,ISTAT SDMX,6_471_DF_DCSP_LACIS_13,Employees with a tertiary degree and economic activities (Nace 2 digit)
A,IT,POPI_MAN2018,52_53,W_GE10,EMPUD5,ALL,ALL,ALL,ALL,2022,202,2022,ISTAT SDMX,6_471_DF_DCSP_LACIS_13,Employees with a tertiary degree and economic activities (Nace 2 digit)
A,IT,POPI_MAN2018,52_53,W_GE10,EMPUD6,ALL,ALL,ALL,ALL,2022,222,2022,ISTAT SDMX,6_471_DF_DCSP_LACIS_13,Employees with a tertiary degree and economic activities (Nace 2 digit)
A,IT,POPI_MAN2018,58_60,W_GE10,ALL,ALL,ALL,ALL,ALL,2022,598,2022,ISTAT SDMX,6_471_DF_DCSP_LACIS_13,Employees with a tertiary degree and economic activities (Nace 2 digit)
A,IT,POPI_MAN2018,58_60,W_GE10,EMPUD0,ALL,ALL,ALL,ALL,2022,19,2022,ISTAT SDMX,6_471_DF_DCSP_LACIS_13,Employees with a tertiary degree and economic activities (Nace 2 digit)
A,IT,POPI_MAN2018,58_60,W_GE10,EMPUD1,ALL,ALL,ALL,ALL,2022,39,2022,ISTAT SDMX,6_471_DF_DCSP_LACIS_13,Employees with a tertiary degree and economic activities (Nace 2 digit)
A,IT,POPI_MAN2018,58_60,W_GE10,EMPUD2,ALL,ALL,ALL,ALL,2022,50,2022,ISTAT SDMX,6_471_DF_DCSP_LACIS_13,Employees with a tertiary degree and economic activities (Nace 2 digit)
A,IT,POPI_MAN2018,58_60,W_GE10,EMPUD3,ALL,ALL,ALL,ALL,2022,50,2022,ISTAT SDMX,6_471_DF_DCSP_LACIS_13,Employees with a tertiary degree and economic activities (Nace 2 digit)
A,IT,POPI_MAN2018,58_60,W_GE10,EMPUD4,ALL,ALL,ALL,ALL,2022,156,2022,ISTAT SDMX,6_471_DF_DCSP_LACIS_13,Employees with a tertiary degree and economic activities (Nace 2 digit)
A,IT,POPI_MAN2018,58_60,W_GE10,EMPUD5,ALL,ALL,ALL,ALL,2022,101,2022,ISTAT SDMX,6_471_DF_DCSP_LACIS_13,Employees with a tertiary degree and economic activities (Nace 2 digit)
A,IT,POPI_MAN2018,58_60,W_GE10,EMPUD6,ALL,ALL,ALL,ALL,2022,183,2022,ISTAT SDMX,6_471_DF_DCSP_LACIS_13,Employees with a tertiary degree and economic activities (Nace 2 digit)
A,IT,POPI_MAN2018,61,W_GE10,ALL,ALL,ALL,ALL,ALL,2022,180,2022,ISTAT SDMX,6_471_DF_DCSP_LACIS_13,Employees with a tertiary degree and economic activities (Nace 2 digit)
A,IT,POPI_MAN2018,61,W_GE10,EMPUD0,ALL,ALL,ALL,ALL,2022,2,2022,ISTAT SDMX,6_471_DF_DCSP_LACIS_13,Employees with a tertiary degree and economic activities (Nace 2 digit)
A,IT,POPI_MAN2018,61,W_GE10,EMPUD1,ALL,ALL,ALL,ALL,2022,9,2022,ISTAT SDMX,6_471_DF_DCSP_LACIS_13,Employees with a tertiary degree and economic activities (Nace 2 digit)
A,IT,POPI_MAN2018,61,W_GE10,EMPUD2,ALL,ALL,ALL,ALL,2022,12,2022,ISTAT SDMX,6_471_DF_DCSP_LACIS_13,Employees with a tertiary degree and economic activities (Nace 2 digit)
A,IT,POPI_MAN2018,61,W_GE10,EMPUD3,ALL,ALL,ALL,ALL,2022,48,2022,ISTAT SDMX,6_471_DF_DCSP_LACIS_13,Employees with a tertiary degree and economic activities (Nace 2 digit)
A,IT,POPI_MAN2018,61,W_GE10,EMPUD4,ALL,ALL,ALL,ALL,2022,42,2022,ISTAT SDMX,6_471_DF_DCSP_LACIS_13,Employees with a tertiary degree and economic activities (Nace 2 digit)
A,IT,POPI_MAN2018,61,W_GE10,EMPUD5,ALL,ALL,ALL,ALL,2022,31,2022,ISTAT SDMX,6_471_DF_DCSP_LACIS_13,Employees with a tertiary degree and economic activities (Nace 2 digit)
A,IT,POPI_MAN2018,61,W_GE10,EMPUD6,ALL,ALL,ALL,ALL,2022,37,2022,ISTAT SDMX,6_471_DF_DCSP_LACIS_13,Employees with a tertiary degree and economic activities (Nace 2 digit)
A,IT,POPI_MAN2018,62,W_GE10,ALL,ALL,ALL,ALL,ALL,2022,2915,2022,ISTAT SDMX,6_471_DF_DCSP_LACIS_13,Employees with a tertiary degree and economic activities (Nace 2 digit)
A,IT,POPI_MAN2018,62,W_GE10,EMPUD0,ALL,ALL,ALL,ALL,2022,93,2022,ISTAT SDMX,6_471_DF_DCSP_LACIS_13,Employees with a tertiary degree and economic activities (Nace 2 digit)
A,IT,POPI_MAN2018,62,W_GE10,EMPUD1,ALL,ALL,ALL,ALL,2022,133,2022,ISTAT SDMX,6_471_DF_DCSP_LACIS_13,Employees with a tertiary degree and economic activities (Nace 2 digit)
A,IT,POPI_MAN2018,62,W_GE10,EMPUD2,ALL,ALL,ALL,ALL,2022,114,2022,ISTAT SDMX,6_471_DF_DCSP_LACIS_13,Employees with a tertiary degree and economic activities (Nace 2 digit)
A,IT,POPI_MAN2018,62,W_GE10,EMPUD3,ALL,ALL,ALL,ALL,2022,263,2022,ISTAT SDMX,6_471_DF_DCSP_LACIS_13,Employees with a tertiary degree and economic activities (Nace 2 digit)
A,IT,POPI_MAN2018,62,W_GE10,EMPUD4,ALL,ALL,ALL,ALL,2022,503,2022,ISTAT SDMX,6_471_DF_DCSP_LACIS_13,Employees with a tertiary degree and economic activities (Nace 2 digit)
A,IT,POPI_MAN2018,62,W_GE10,EMPUD5,ALL,ALL,ALL,ALL,2022,647,2022,ISTAT SDMX,6_471_DF_DCSP_LACIS_13,Employees with a tertiary degree and economic activities (Nace 2 digit)
A,IT,POPI_MAN2018,62,W_GE10,EMPUD6,ALL,ALL,ALL,ALL,2022,1142,2022,ISTAT SDMX,6_471_DF_DCSP_LACIS_13,Employees with a tertiary degree and economic activities (Nace 2 digit)
A,IT,POPI_MAN2018,63,W_GE10,ALL,ALL,ALL,ALL,ALL,2022,882,2022,ISTAT SDMX,6_471_DF_DCSP_LACIS_13,Employees with a tertiary degree and economic activities (Nace 2 digit)
A,IT,POPI_MAN2018,63,W_GE10,EMPUD0,ALL,ALL,ALL,ALL,2022,40,2022,ISTAT SDMX,6_471_DF_DCSP_LACIS_13,Employees with a tertiary degree and economic activities (Nace 2 digit)
A,IT,POPI_MAN2018,63,W_GE10,EMPUD1,ALL,ALL,ALL,ALL,2022,99,2022,ISTAT SDMX,6_471_DF_DCSP_LACIS_13,Employees with a tertiary degree and economic activities (Nace 2 digit)
A,IT,POPI_MAN2018,63,W_GE10,EMPUD2,ALL,ALL,ALL,ALL,2022,65,2022,ISTAT SDMX,6_471_DF_DCSP_LACIS_13,Employees with a tertiary degree and economic activities (Nace 2 digit)
A,IT,POPI_MAN2018,63,W_GE10,EMPUD3,ALL,ALL,ALL,ALL,2022,138,2022,ISTAT SDMX,6_471_DF_DCSP_LACIS_13,Employees with a tertiary degree and economic activities (Nace 2 digit)
A,IT,POPI_MAN2018,63,W_GE10,EMPUD4,ALL,ALL,ALL,ALL,2022,145,2022,ISTAT SDMX,6_471_DF_DCSP_LACIS_13,Employees with a tertiary degree and economic activities (Nace 2 digit)
A,IT,POPI_MAN2018,63,W_GE10,EMPUD5,ALL,ALL,ALL,ALL,2022,204,2022,ISTAT SDMX,6_471_DF_DCSP_LACIS_13,Employees with a tertiary degree and economic activities (Nace 2 digit)
A,IT,POPI_MAN2018,63,W_GE10,EMPUD6,ALL,ALL,ALL,ALL,2022,192,2022,ISTAT SDMX,6_471_DF_DCSP_LACIS_13,Employees with a tertiary degree and economic activities (Nace 2 digit)
A,IT,POPI_MAN2018,64,W_GE10,ALL,ALL,ALL,ALL,ALL,2022,512,2022,ISTAT SDMX,6_471_DF_DCSP_LACIS_13,Employees with a tertiary degree and economic activities (Nace 2 digit)
A,IT,POPI_MAN2018,64,W_GE10,EMPUD0,ALL,ALL,ALL,ALL,2022,5,2022,ISTAT SDMX,6_471_DF_DCSP_LACIS_13,Employees with a tertiary degree and economic activities (Nace 2 digit)
A,IT,POPI_MAN2018,64,W_GE10,EMPUD1,ALL,ALL,ALL,ALL,2022,0,2022,ISTAT SDMX,6_471_DF_DCSP_LACIS_13,Employees with a tertiary degree and economic activities (Nace 2 digit)
A,IT,POPI_MAN2018,64,W_GE10,EMPUD2,ALL,ALL,ALL,ALL,2022,24,2022,ISTAT SDMX,6_471_DF_DCSP_LACIS_13,Employees with a tertiary degree and economic activities (Nace 2 digit)
A,IT,POPI_MAN2018,64,W_GE10,EMPUD3,ALL,ALL,ALL,ALL,2022,26,2022,ISTAT SDMX,6_471_DF_DCSP_LACIS_13,Employees with a tertiary degree and economic activities (Nace 2 digit)
A,IT,POPI_MAN2018,64,W_GE10,EMPUD4,ALL,ALL,ALL,ALL,2022,150,2022,ISTAT SDMX,6_471_DF_DCSP_LACIS_13,Employees with a tertiary degree and economic activities (Nace 2 digit)
A,IT,POPI_MAN2018,64,W_GE10,EMPUD5,ALL,ALL,ALL,ALL,2022,147,2022,ISTAT SDMX,6_471_DF_DCSP_LACIS_13,Employees with a tertiary degree and economic activities (Nace 2 digit)
A,IT,POPI_MAN2018,64,W_GE10,EMPUD6,ALL,ALL,ALL,ALL,2022,156,2022,ISTAT SDMX,6_471_DF_DCSP_LACIS_13,Employees with a tertiary degree and economic activities (Nace 2 digit)
A,IT,POPI_MAN2018,65,W_GE10,ALL,ALL,ALL,ALL,ALL,2022,100,2022,ISTAT SDMX,6_471_DF_DCSP_LACIS_13,Employees with a tertiary degree and economic activities (Nace 2 digit)
A,IT,POPI_MAN2018,65,W_GE10,EMPUD0,ALL,ALL,ALL,ALL,2022,0,2022,ISTAT SDMX,6_471_DF_DCSP_LACIS_13,Employees with a tertiary degree and economic activities (Nace 2 digit)
A,IT,POPI_MAN2018,65,W_GE10,EMPUD1,ALL,ALL,ALL,ALL,2022,0,2022,ISTAT SDMX,6_471_DF_DCSP_LACIS_13,Employees with a tertiary degree and economic activities (Nace 2 digit)
A,IT,POPI_MAN2018,65,W_GE10,EMPUD2,ALL,ALL,ALL,ALL,2022,0,2022,ISTAT SDMX,6_471_DF_DCSP_LACIS_13,Employees with a tertiary degree and economic activities (Nace 2 digit)
A,IT,POPI_MAN2018,65,W_GE10,EMPUD3,ALL,ALL,ALL,ALL,2022,0,2022,ISTAT SDMX,6_471_DF_DCSP_LACIS_13,Employees with a tertiary degree and economic activities (Nace 2 digit)
A,IT,POPI_MAN2018,65,W_GE10,EMPUD4,ALL,ALL,ALL,ALL,2022,17,2022,ISTAT SDMX,6_471_DF_DCSP_LACIS_13,Employees with a tertiary degree and economic activities (Nace 2 digit)
A,IT,POPI_MAN2018,65,W_GE10,EMPUD5,ALL,ALL,ALL,ALL,2022,45,2022,ISTAT SDMX,6_471_DF_DCSP_LACIS_13,Employees with a tertiary degree and economic activities (Nace 2 digit)
A,IT,POPI_MAN2018,65,W_GE10,EMPUD6,ALL,ALL,ALL,ALL,2022,38,2022,ISTAT SDMX,6_471_DF_DCSP_LACIS_13,Employees with a tertiary degree and economic activities (Nace 2 digit)
A,IT,POPI_MAN2018,66,W_GE10,ALL,ALL,ALL,ALL,ALL,2022,846,2022,ISTAT SDMX,6_471_DF_DCSP_LACIS_13,Employees with a tertiary degree and economic activities (Nace 2 digit)
A,IT,POPI_MAN2018,66,W_GE10,EMPUD0,ALL,ALL,ALL,ALL,2022,60,2022,ISTAT SDMX,6_471_DF_DCSP_LACIS_13,Employees with a tertiary degree and economic activities (Nace 2 digit)
A,IT,POPI_MAN2018,66,W_GE10,EMPUD1,ALL,ALL,ALL,ALL,2022,122,2022,ISTAT SDMX,6_471_DF_DCSP_LACIS_13,Employees with a tertiary degree and economic activities (Nace 2 digit)
A,IT,POPI_MAN2018,66,W_GE10,EMPUD2,ALL,ALL,ALL,ALL,2022,68,2022,ISTAT SDMX,6_471_DF_DCSP_LACIS_13,Employees with a tertiary degree and economic activities (Nace 2 digit)
A,IT,POPI_MAN2018,66,W_GE10,EMPUD3,ALL,ALL,ALL,ALL,2022,91,2022,ISTAT SDMX,6_471_DF_DCSP_LACIS_13,Employees with a tertiary degree and economic activities (Nace 2 digit)
A,IT,POPI_MAN2018,66,W_GE10,EMPUD4,ALL,ALL,ALL,ALL,2022,162,2022,ISTAT SDMX,6_471_DF_DCSP_LACIS_13,Employees with a tertiary degree and economic activities (Nace 2 digit)
A,IT,POPI_MAN2018,66,W_GE10,EMPUD5,ALL,ALL,ALL,ALL,2022,137,2022,ISTAT SDMX,6_471_DF_DCSP_LACIS_13,Employees with a tertiary degree and economic activities (Nace 2 digit)
A,IT,POPI_MAN2018,66,W_GE10,EMPUD6,ALL,ALL,ALL,ALL,2022,206,2022,ISTAT SDMX,6_471_DF_DCSP_LACIS_13,Employees with a tertiary degree and economic activities (Nace 2 digit)
A,IT,POPI_MAN2018,70,W_GE10,ALL,ALL,ALL,ALL,ALL,2022,976,2022,ISTAT SDMX,6_471_DF_DCSP_LACIS_13,Employees with a tertiary degree and economic activities (Nace 2 digit)
A,IT,POPI_MAN2018,70,W_GE10,EMPUD0,ALL,ALL,ALL,ALL,2022,48,2022,ISTAT SDMX,6_471_DF_DCSP_LACIS_13,Employees with a tertiary degree and economic activities (Nace 2 digit)
A,IT,POPI_MAN2018,70,W_GE10,EMPUD1,ALL,ALL,ALL,ALL,2022,60,2022,ISTAT SDMX,6_471_DF_DCSP_LACIS_13,Employees with a tertiary degree and economic activities (Nace 2 digit)
A,IT,POPI_MAN2018,70,W_GE10,EMPUD2,ALL,ALL,ALL,ALL,2022,37,2022,ISTAT SDMX,6_471_DF_DCSP_LACIS_13,Employees with a tertiary degree and economic activities (Nace 2 digit)
A,IT,POPI_MAN2018,70,W_GE10,EMPUD3,ALL,ALL,ALL,ALL,2022,84,2022,ISTAT SDMX,6_471_DF_DCSP_LACIS_13,Employees with a tertiary degree and economic activities (Nace 2 digit)
A,IT,POPI_MAN2018,70,W_GE10,EMPUD4,ALL,ALL,ALL,ALL,2022,102,2022,ISTAT SDMX,6_471_DF_DCSP_LACIS_13,Employees with a tertiary degree and economic activities (Nace 2 digit)
A,IT,POPI_MAN2018,70,W_GE10,EMPUD5,ALL,ALL,ALL,ALL,2022,159,2022,ISTAT SDMX,6_471_DF_DCSP_LACIS_13,Employees with a tertiary degree and economic activities (Nace 2 digit)
A,IT,POPI_MAN2018,70,W_GE10,EMPUD6,ALL,ALL,ALL,ALL,2022,471,2022,ISTAT SDMX,6_471_DF_DCSP_LACIS_13,Employees with a tertiary degree and economic activities (Nace 2 digit)
A,IT,POPI_MAN2018,71,W_GE10,ALL,ALL,ALL,ALL,ALL,2022,934,2022,ISTAT SDMX,6_471_DF_DCSP_LACIS_13,Employees with a tertiary degree and economic activities (Nace 2 digit)
A,IT,POPI_MAN2018,71,W_GE10,EMPUD0,ALL,ALL,ALL,ALL,2022,22,2022,ISTAT SDMX,6_471_DF_DCSP_LACIS_13,Employees with a tertiary degree and economic activities (Nace 2 digit)
A,IT,POPI_MAN2018,71,W_GE10,EMPUD1,ALL,ALL,ALL,ALL,2022,69,2022,ISTAT SDMX,6_471_DF_DCSP_LACIS_13,Employees with a tertiary degree and economic activities (Nace 2 digit)
A,IT,POPI_MAN2018,71,W_GE10,EMPUD2,ALL,ALL,ALL,ALL,2022,66,2022,ISTAT SDMX,6_471_DF_DCSP_LACIS_13,Employees with a tertiary degree and economic activities (Nace 2 digit)
A,IT,POPI_MAN2018,71,W_GE10,EMPUD3,ALL,ALL,ALL,ALL,2022,72,2022,ISTAT SDMX,6_471_DF_DCSP_LACIS_13,Employees with a tertiary degree and economic activities (Nace 2 digit)
A,IT,POPI_MAN2018,71,W_GE10,EMPUD4,ALL,ALL,ALL,ALL,2022,85,2022,ISTAT SDMX,6_471_DF_DCSP_LACIS_13,Employees with a tertiary degree and economic activities (Nace 2 digit)
A,IT,POPI_MAN2018,71,W_GE10,EMPUD5,ALL,ALL,ALL,ALL,2022,215,2022,ISTAT SDMX,6_471_DF_DCSP_LACIS_13,Employees with a tertiary degree and economic activities (Nace 2 digit)
A,IT,POPI_MAN2018,71,W_GE10,EMPUD6,ALL,ALL,ALL,ALL,2022,405,2022,ISTAT SDMX,6_471_DF_DCSP_LACIS_13,Employees with a tertiary degree and economic activities (Nace 2 digit)
A,IT,POPI_MAN2018,72,W_GE10,ALL,ALL,ALL,ALL,ALL,2022,340,2022,ISTAT SDMX,6_471_DF_DCSP_LACIS_13,Employees with a tertiary degree and economic activities (Nace 2 digit)
A,IT,POPI_MAN2018,72,W_GE10,EMPUD0,ALL,ALL,ALL,ALL,2022,10,2022,ISTAT SDMX,6_471_DF_DCSP_LACIS_13,Employees with a tertiary degree and economic activities (Nace 2 digit)
A,IT,POPI_MAN2018,72,W_GE10,EMPUD1,ALL,ALL,ALL,ALL,2022,4,2022,ISTAT SDMX,6_471_DF_DCSP_LACIS_13,Employees with a tertiary degree and economic activities (Nace 2 digit)
A,IT,POPI_MAN2018,72,W_GE10,EMPUD2,ALL,ALL,ALL,ALL,2022,0,2022,ISTAT SDMX,6_471_DF_DCSP_LACIS_13,Employees with a tertiary degree and economic activities (Nace 2 digit)
A,IT,POPI_MAN2018,72,W_GE10,EMPUD3,ALL,ALL,ALL,ALL,2022,4,2022,ISTAT SDMX,6_471_DF_DCSP_LACIS_13,Employees with a tertiary degree and economic activities (Nace 2 digit)
A,IT,POPI_MAN2018,72,W_GE10,EMPUD4,ALL,ALL,ALL,ALL,2022,18,2022,ISTAT SDMX,6_471_DF_DCSP_LACIS_13,Employees with a tertiary degree and economic activities (Nace 2 digit)
A,IT,POPI_MAN2018,72,W_GE10,EMPUD5,ALL,ALL,ALL,ALL,2022,47,2022,ISTAT SDMX,6_471_DF_DCSP_LACIS_13,Employees with a tertiary degree and economic activities (Nace 2 digit)
A,IT,POPI_MAN2018,72,W_GE10,EMPUD6,ALL,ALL,ALL,ALL,2022,256,2022,ISTAT SDMX,6_471_DF_DCSP_LACIS_13,Employees with a tertiary degree and economic activities (Nace 2 digit)
A,IT,POPI_MAN2018,73,W_GE10,ALL,ALL,ALL,ALL,ALL,2022,613,2022,ISTAT SDMX,6_471_DF_DCSP_LACIS_13,Employees with a tertiary degree and economic activities (Nace 2 digit)
A,IT,POPI_MAN2018,73,W_GE10,EMPUD0,ALL,ALL,ALL,ALL,2022,44,2022,ISTAT SDMX,6_471_DF_DCSP_LACIS_13,Employees with a tertiary degree and economic activities (Nace 2 digit)
A,IT,POPI_MAN2018,73,W_GE10,EMPUD1,ALL,ALL,ALL,ALL,2022,18,2022,ISTAT SDMX,6_471_DF_DCSP_LACIS_13,Employees with a tertiary degree and economic activities (Nace 2 digit)
A,IT,POPI_MAN2018,73,W_GE10,EMPUD2,ALL,ALL,ALL,ALL,2022,12,2022,ISTAT SDMX,6_471_DF_DCSP_LACIS_13,Employees with a tertiary degree and economic activities (Nace 2 digit)
A,IT,POPI_MAN2018,73,W_GE10,EMPUD3,ALL,ALL,ALL,ALL,2022,67,2022,ISTAT SDMX,6_471_DF_DCSP_LACIS_13,Employees with a tertiary degree and economic activities (Nace 2 digit)
A,IT,POPI_MAN2018,73,W_GE10,EMPUD4,ALL,ALL,ALL,ALL,2022,32,2022,ISTAT SDMX,6_471_DF_DCSP_LACIS_13,Employees with a tertiary degree and economic activities (Nace 2 digit)
A,IT,POPI_MAN2018,73,W_GE10,EMPUD5,ALL,ALL,ALL,ALL,2022,120,2022,ISTAT SDMX,6_471_DF_DCSP_LACIS_13,Employees with a tertiary degree and economic activities (Nace 2 digit)
A,IT,POPI_MAN2018,73,W_GE10,EMPUD6,ALL,ALL,ALL,ALL,2022,294,2022,ISTAT SDMX,6_471_DF_DCSP_LACIS_13,Employees with a tertiary degree and economic activities (Nace 2 digit)
A,IT,POPI_MAN2018,B,W_GE10,ALL,ALL,ALL,ALL,ALL,2022,163,2022,ISTAT SDMX,6_471_DF_DCSP_LACIS_13,Employees with a tertiary degree and economic activities (Nace 2 digit)
A,IT,POPI_MAN2018,B,W_GE10,EMPUD0,ALL,ALL,ALL,ALL,2022,55,2022,ISTAT SDMX,6_471_DF_DCSP_LACIS_13,Employees with a tertiary degree and economic activities (Nace 2 digit)
A,IT,POPI_MAN2018,B,W_GE10,EMPUD1,ALL,ALL,ALL,ALL,2022,38,2022,ISTAT SDMX,6_471_DF_DCSP_LACIS_13,Employees with a tertiary degree and economic activities (Nace 2 digit)
A,IT,POPI_MAN2018,B,W_GE10,EMPUD2,ALL,ALL,ALL,ALL,2022,22,2022,ISTAT SDMX,6_471_DF_DCSP_LACIS_13,Employees with a tertiary degree and economic activities (Nace 2 digit)
A,IT,POPI_MAN2018,B,W_GE10,EMPUD3,ALL,ALL,ALL,ALL,2022,20,2022,ISTAT SDMX,6_471_DF_DCSP_LACIS_13,Employees with a tertiary degree and economic activities (Nace 2 digit)
A,IT,POPI_MAN2018,B,W_GE10,EMPUD4,ALL,ALL,ALL,ALL,2022,9,2022,ISTAT SDMX,6_471_DF_DCSP_LACIS_13,Employees with a tertiary degree and economic activities (Nace 2 digit)
A,IT,POPI_MAN2018,B,W_GE10,EMPUD5,ALL,ALL,ALL,ALL,2022,8,2022,ISTAT SDMX,6_471_DF_DCSP_LACIS_13,Employees with a tertiary degree and economic activities (Nace 2 digit)
A,IT,POPI_MAN2018,B,W_GE10,EMPUD6,ALL,ALL,ALL,ALL,2022,9,2022,ISTAT SDMX,6_471_DF_DCSP_LACIS_13,Employees with a tertiary degree and economic activities (Nace 2 digit)
A,IT,POPI_MAN2018,C,W_GE10,ALL,ALL,ALL,ALL,ALL,2022,41692,2022,ISTAT SDMX,6_471_DF_DCSP_LACIS_13,Employees with a tertiary degree and economic activities (Nace 2 digit)
A,IT,POPI_MAN2018,C,W_GE10,EMPUD0,ALL,ALL,ALL,ALL,2022,14576,2022,ISTAT SDMX,6_471_DF_DCSP_LACIS_13,Employees with a tertiary degree and economic activities (Nace 2 digit)
A,IT,POPI_MAN2018,C,W_GE10,EMPUD1,ALL,ALL,ALL,ALL,2022,8246,2022,ISTAT SDMX,6_471_DF_DCSP_LACIS_13,Employees with a tertiary degree and economic activities (Nace 2 digit)
A,IT,POPI_MAN2018,C,W_GE10,EMPUD2,ALL,ALL,ALL,ALL,2022,5811,2022,ISTAT SDMX,6_471_DF_DCSP_LACIS_13,Employees with a tertiary degree and economic activities (Nace 2 digit)
A,IT,POPI_MAN2018,C,W_GE10,EMPUD3,ALL,ALL,ALL,ALL,2022,5493,2022,ISTAT SDMX,6_471_DF_DCSP_LACIS_13,Employees with a tertiary degree and economic activities (Nace 2 digit)
A,IT,POPI_MAN2018,C,W_GE10,EMPUD4,ALL,ALL,ALL,ALL,2022,3404,2022,ISTAT SDMX,6_471_DF_DCSP_LACIS_13,Employees with a tertiary degree and economic activities (Nace 2 digit)
A,IT,POPI_MAN2018,C,W_GE10,EMPUD5,ALL,ALL,ALL,ALL,2022,1781,2022,ISTAT SDMX,6_471_DF_DCSP_LACIS_13,Employees with a tertiary degree and economic activities (Nace 2 digit)
A,IT,POPI_MAN2018,C,W_GE10,EMPUD6,ALL,ALL,ALL,ALL,2022,2242,2022,ISTAT SDMX,6_471_DF_DCSP_LACIS_13,Employees with a tertiary degree and economic activities (Nace 2 digit)
A,IT,POPI_MAN2018,CA,W_GE10,ALL,ALL,ALL,ALL,ALL,2022,4275,2022,ISTAT SDMX,6_471_DF_DCSP_LACIS_13,Employees with a tertiary degree and economic activities (Nace 2 digit)
A,IT,POPI_MAN2018,CA,W_GE10,EMPUD0,ALL,ALL,ALL,ALL,2022,1263,2022,ISTAT SDMX,6_471_DF_DCSP_LACIS_13,Employees with a tertiary degree and economic activities (Nace 2 digit)
A,IT,POPI_MAN2018,CA,W_GE10,EMPUD1,ALL,ALL,ALL,ALL,2022,963,2022,ISTAT SDMX,6_471_DF_DCSP_LACIS_13,Employees with a tertiary degree and economic activities (Nace 2 digit)
A,IT,POPI_MAN2018,CA,W_GE10,EMPUD2,ALL,ALL,ALL,ALL,2022,609,2022,ISTAT SDMX,6_471_DF_DCSP_LACIS_13,Employees with a tertiary degree and economic activities (Nace 2 digit)
A,IT,POPI_MAN2018,CA,W_GE10,EMPUD3,ALL,ALL,ALL,ALL,2022,658,2022,ISTAT SDMX,6_471_DF_DCSP_LACIS_13,Employees with a tertiary degree and economic activities (Nace 2 digit)
A,IT,POPI_MAN2018,CA,W_GE10,EMPUD4,ALL,ALL,ALL,ALL,2022,386,2022,ISTAT SDMX,6_471_DF_DCSP_LACIS_13,Employees with a tertiary degree and economic activities (Nace 2 digit)
A,IT,POPI_MAN2018,CA,W_GE10,EMPUD5,ALL,ALL,ALL,ALL,2022,170,2022,ISTAT SDMX,6_471_DF_DCSP_LACIS_13,Employees with a tertiary degree and economic activities (Nace 2 digit)
A,IT,POPI_MAN2018,CA,W_GE10,EMPUD6,ALL,ALL,ALL,ALL,2022,209,2022,ISTAT SDMX,6_471_DF_DCSP_LACIS_13,Employees with a tertiary degree and economic activities (Nace 2 digit)
A,IT,POPI_MAN2018,D,W_GE10,ALL,ALL,ALL,ALL,ALL,2022,327,2022,ISTAT SDMX,6_471_DF_DCSP_LACIS_13,Employees with a tertiary degree and economic activities (Nace 2 digit)
A,IT,POPI_MAN2018,D,W_GE10,EMPUD0,ALL,ALL,ALL,ALL,2022,30,2022,ISTAT SDMX,6_471_DF_DCSP_LACIS_13,Employees with a tertiary degree and economic activities (Nace 2 digit)
A,IT,POPI_MAN2018,D,W_GE10,EMPUD1,ALL,ALL,ALL,ALL,2022,14,2022,ISTAT SDMX,6_471_DF_DCSP_LACIS_13,Employees with a tertiary degree and economic activities (Nace 2 digit)
A,IT,POPI_MAN2018,D,W_GE10,EMPUD2,ALL,ALL,ALL,ALL,2022,19,2022,ISTAT SDMX,6_471_DF_DCSP_LACIS_13,Employees with a tertiary degree and economic activities (Nace 2 digit)
A,IT,POPI_MAN2018,D,W_GE10,EMPUD3,ALL,ALL,ALL,ALL,2022,45,2022,ISTAT SDMX,6_471_DF_DCSP_LACIS_13,Employees with a tertiary degree and economic activities (Nace 2 digit)
A,IT,POPI_MAN2018,D,W_GE10,EMPUD4,ALL,ALL,ALL,ALL,2022,75,2022,ISTAT SDMX,6_471_DF_DCSP_LACIS_13,Employees with a tertiary degree and economic activities (Nace 2 digit)
A,IT,POPI_MAN2018,D,W_GE10,EMPUD5,ALL,ALL,ALL,ALL,2022,44,2022,ISTAT SDMX,6_471_DF_DCSP_LACIS_13,Employees with a tertiary degree and economic activities (Nace 2 digit)
A,IT,POPI_MAN2018,D,W_GE10,EMPUD6,ALL,ALL,ALL,ALL,2022,94,2022,ISTAT SDMX,6_471_DF_DCSP_LACIS_13,Employees with a tertiary degree and economic activities (Nace 2 digit)
A,IT,POPI_MAN2018,E,W_GE10,ALL,ALL,ALL,ALL,ALL,2022,1358,2022,ISTAT SDMX,6_471_DF_DCSP_LACIS_13,Employees with a tertiary degree and economic activities (Nace 2 digit)
A,IT,POPI_MAN2018,E,W_GE10,EMPUD0,ALL,ALL,ALL,ALL,2022,312,2022,ISTAT SDMX,6_471_DF_DCSP_LACIS_13,Employees with a tertiary degree and economic activities (Nace 2 digit)
A,IT,POPI_MAN2018,E,W_GE10,EMPUD1,ALL,ALL,ALL,ALL,2022,319,2022,ISTAT SDMX,6_471_DF_DCSP_LACIS_13,Employees with a tertiary degree and economic activities (Nace 2 digit)
A,IT,POPI_MAN2018,E,W_GE10,EMPUD2,ALL,ALL,ALL,ALL,2022,166,2022,ISTAT SDMX,6_471_DF_DCSP_LACIS_13,Employees with a tertiary degree and economic activities (Nace 2 digit)
A,IT,POPI_MAN2018,E,W_GE10,EMPUD3,ALL,ALL,ALL,ALL,2022,276,2022,ISTAT SDMX,6_471_DF_DCSP_LACIS_13,Employees with a tertiary degree and economic activities (Nace 2 digit)
A,IT,POPI_MAN2018,E,W_GE10,EMPUD4,ALL,ALL,ALL,ALL,2022,120,2022,ISTAT SDMX,6_471_DF_DCSP_LACIS_13,Employees with a tertiary degree and economic activities (Nace 2 digit)
A,IT,POPI_MAN2018,E,W_GE10,EMPUD5,ALL,ALL,ALL,ALL,2022,62,2022,ISTAT SDMX,6_471_DF_DCSP_LACIS_13,Employees with a tertiary degree and economic activities (Nace 2 digit)
A,IT,POPI_MAN2018,E,W_GE10,EMPUD6,ALL,ALL,ALL,ALL,2022,85,2022,ISTAT SDMX,6_471_DF_DCSP_LACIS_13,Employees with a tertiary degree and economic activities (Nace 2 digit)
A,IT,POPI_MAN2018,F,W_GE10,ALL,ALL,ALL,ALL,ALL,2022,10343,2022,ISTAT SDMX,6_471_DF_DCSP_LACIS_13,Employees with a tertiary degree and economic activities (Nace 2 digit)
A,IT,POPI_MAN2018,F,W_GE10,EMPUD0,ALL,ALL,ALL,ALL,2022,4435,2022,ISTAT SDMX,6_471_DF_DCSP_LACIS_13,Employees with a tertiary degree and economic activities (Nace 2 digit)
A,IT,POPI_MAN2018,F,W_GE10,EMPUD1,ALL,ALL,ALL,ALL,2022,1722,2022,ISTAT SDMX,6_471_DF_DCSP_LACIS_13,Employees with a tertiary degree and economic activities (Nace 2 digit)
A,IT,POPI_MAN2018,F,W_GE10,EMPUD2,ALL,ALL,ALL,ALL,2022,1384,2022,ISTAT SDMX,6_471_DF_DCSP_LACIS_13,Employees with a tertiary degree and economic activities (Nace 2 digit)
A,IT,POPI_MAN2018,F,W_GE10,EMPUD3,ALL,ALL,ALL,ALL,2022,974,2022,ISTAT SDMX,6_471_DF_DCSP_LACIS_13,Employees with a tertiary degree and economic activities (Nace 2 digit)
A,IT,POPI_MAN2018,F,W_GE10,EMPUD4,ALL,ALL,ALL,ALL,2022,625,2022,ISTAT SDMX,6_471_DF_DCSP_LACIS_13,Employees with a tertiary degree and economic activities (Nace 2 digit)
A,IT,POPI_MAN2018,F,W_GE10,EMPUD5,ALL,ALL,ALL,ALL,2022,356,2022,ISTAT SDMX,6_471_DF_DCSP_LACIS_13,Employees with a tertiary degree and economic activities (Nace 2 digit)
A,IT,POPI_MAN2018,F,W_GE10,EMPUD6,ALL,ALL,ALL,ALL,2022,583,2022,ISTAT SDMX,6_471_DF_DCSP_LACIS_13,Employees with a tertiary degree and economic activities (Nace 2 digit)
A,IT,POPI_MAN2018,G,W_GE10,ALL,ALL,ALL,ALL,ALL,2022,19741,2022,ISTAT SDMX,6_471_DF_DCSP_LACIS_13,Employees with a tertiary degree and economic activities (Nace 2 digit)
A,IT,POPI_MAN2018,G,W_GE10,EMPUD0,ALL,ALL,ALL,ALL,2022,6144,2022,ISTAT SDMX,6_471_DF_DCSP_LACIS_13,Employees with a tertiary degree and economic activities (Nace 2 digit)
A,IT,POPI_MAN2018,G,W_GE10,EMPUD1,ALL,ALL,ALL,ALL,2022,3480,2022,ISTAT SDMX,6_471_DF_DCSP_LACIS_13,Employees with a tertiary degree and economic activities (Nace 2 digit)
A,IT,POPI_MAN2018,G,W_GE10,EMPUD2,ALL,ALL,ALL,ALL,2022,2355,2022,ISTAT SDMX,6_471_DF_DCSP_LACIS_13,Employees with a tertiary degree and economic activities (Nace 2 digit)
A,IT,POPI_MAN2018,G,W_GE10,EMPUD3,ALL,ALL,ALL,ALL,2022,2201,2022,ISTAT SDMX,6_471_DF_DCSP_LACIS_13,Employees with a tertiary degree and economic activities (Nace 2 digit)
A,IT,POPI_MAN2018,G,W_GE10,EMPUD4,ALL,ALL,ALL,ALL,2022,1868,2022,ISTAT SDMX,6_471_DF_DCSP_LACIS_13,Employees with a tertiary degree and economic activities (Nace 2 digit)
A,IT,POPI_MAN2018,G,W_GE10,EMPUD5,ALL,ALL,ALL,ALL,2022,1391,2022,ISTAT SDMX,6_471_DF_DCSP_LACIS_13,Employees with a tertiary degree and economic activities (Nace 2 digit)
A,IT,POPI_MAN2018,G,W_GE10,EMPUD6,ALL,ALL,ALL,ALL,2022,2087,2022,ISTAT SDMX,6_471_DF_DCSP_LACIS_13,Employees with a tertiary degree and economic activities (Nace 2 digit)
A,IT,POPI_MAN2018,H,W_GE10,ALL,ALL,ALL,ALL,ALL,2022,6782,2022,ISTAT SDMX,6_471_DF_DCSP_LACIS_13,Employees with a tertiary degree and economic activities (Nace 2 digit)
A,IT,POPI_MAN2018,H,W_GE10,EMPUD0,ALL,ALL,ALL,ALL,2022,2580,2022,ISTAT SDMX,6_471_DF_DCSP_LACIS_13,Employees with a tertiary degree and economic activities (Nace 2 digit)
A,IT,POPI_MAN2018,H,W_GE10,EMPUD1,ALL,ALL,ALL,ALL,2022,1543,2022,ISTAT SDMX,6_471_DF_DCSP_LACIS_13,Employees with a tertiary degree and economic activities (Nace 2 digit)
A,IT,POPI_MAN2018,H,W_GE10,EMPUD2,ALL,ALL,ALL,ALL,2022,618,2022,ISTAT SDMX,6_471_DF_DCSP_LACIS_13,Employees with a tertiary degree and economic activities (Nace 2 digit)
A,IT,POPI_MAN2018,H,W_GE10,EMPUD3,ALL,ALL,ALL,ALL,2022,602,2022,ISTAT SDMX,6_471_DF_DCSP_LACIS_13,Employees with a tertiary degree and economic activities (Nace 2 digit)
A,IT,POPI_MAN2018,H,W_GE10,EMPUD4,ALL,ALL,ALL,ALL,2022,631,2022,ISTAT SDMX,6_471_DF_DCSP_LACIS_13,Employees with a tertiary degree and economic activities (Nace 2 digit)
A,IT,POPI_MAN2018,H,W_GE10,EMPUD5,ALL,ALL,ALL,ALL,2022,316,2022,ISTAT SDMX,6_471_DF_DCSP_LACIS_13,Employees with a tertiary degree and economic activities (Nace 2 digit)
A,IT,POPI_MAN2018,H,W_GE10,EMPUD6,ALL,ALL,ALL,ALL,2022,405,2022,ISTAT SDMX,6_471_DF_DCSP_LACIS_13,Employees with a tertiary degree and economic activities (Nace 2 digit)
A,IT,POPI_MAN2018,J,W_GE10,ALL,ALL,ALL,ALL,ALL,2022,4575,2022,ISTAT SDMX,6_471_DF_DCSP_LACIS_13,Employees with a tertiary degree and economic activities (Nace 2 digit)
A,IT,POPI_MAN2018,J,W_GE10,EMPUD0,ALL,ALL,ALL,ALL,2022,154,2022,ISTAT SDMX,6_471_DF_DCSP_LACIS_13,Employees with a tertiary degree and economic activities (Nace 2 digit)
A,IT,POPI_MAN2018,J,W_GE10,EMPUD1,ALL,ALL,ALL,ALL,2022,280,2022,ISTAT SDMX,6_471_DF_DCSP_LACIS_13,Employees with a tertiary degree and economic activities (Nace 2 digit)
A,IT,POPI_MAN2018,J,W_GE10,EMPUD2,ALL,ALL,ALL,ALL,2022,241,2022,ISTAT SDMX,6_471_DF_DCSP_LACIS_13,Employees with a tertiary degree and economic activities (Nace 2 digit)
A,IT,POPI_MAN2018,J,W_GE10,EMPUD3,ALL,ALL,ALL,ALL,2022,499,2022,ISTAT SDMX,6_471_DF_DCSP_LACIS_13,Employees with a tertiary degree and economic activities (Nace 2 digit)
A,IT,POPI_MAN2018,J,W_GE10,EMPUD4,ALL,ALL,ALL,ALL,2022,846,2022,ISTAT SDMX,6_471_DF_DCSP_LACIS_13,Employees with a tertiary degree and economic activities (Nace 2 digit)
A,IT,POPI_MAN2018,J,W_GE10,EMPUD5,ALL,ALL,ALL,ALL,2022,982,2022,ISTAT SDMX,6_471_DF_DCSP_LACIS_13,Employees with a tertiary degree and economic activities (Nace 2 digit)
A,IT,POPI_MAN2018,J,W_GE10,EMPUD6,ALL,ALL,ALL,ALL,2022,1555,2022,ISTAT SDMX,6_471_DF_DCSP_LACIS_13,Employees with a tertiary degree and economic activities (Nace 2 digit)
A,IT,POPI_MAN2018,K,W_GE10,ALL,ALL,ALL,ALL,ALL,2022,1457,2022,ISTAT SDMX,6_471_DF_DCSP_LACIS_13,Employees with a tertiary degree and economic activities (Nace 2 digit)
A,IT,POPI_MAN2018,K,W_GE10,EMPUD0,ALL,ALL,ALL,ALL,2022,65,2022,ISTAT SDMX,6_471_DF_DCSP_LACIS_13,Employees with a tertiary degree and economic activities (Nace 2 digit)
A,IT,POPI_MAN2018,K,W_GE10,EMPUD1,ALL,ALL,ALL,ALL,2022,122,2022,ISTAT SDMX,6_471_DF_DCSP_LACIS_13,Employees with a tertiary degree and economic activities (Nace 2 digit)
A,IT,POPI_MAN2018,K,W_GE10,EMPUD2,ALL,ALL,ALL,ALL,2022,92,2022,ISTAT SDMX,6_471_DF_DCSP_LACIS_13,Employees with a tertiary degree and economic activities (Nace 2 digit)
A,IT,POPI_MAN2018,K,W_GE10,EMPUD3,ALL,ALL,ALL,ALL,2022,117,2022,ISTAT SDMX,6_471_DF_DCSP_LACIS_13,Employees with a tertiary degree and economic activities (Nace 2 digit)
A,IT,POPI_MAN2018,K,W_GE10,EMPUD4,ALL,ALL,ALL,ALL,2022,328,2022,ISTAT SDMX,6_471_DF_DCSP_LACIS_13,Employees with a tertiary degree and economic activities (Nace 2 digit)
A,IT,POPI_MAN2018,K,W_GE10,EMPUD5,ALL,ALL,ALL,ALL,2022,330,2022,ISTAT SDMX,6_471_DF_DCSP_LACIS_13,Employees with a tertiary degree and economic activities (Nace 2 digit)
A,IT,POPI_MAN2018,K,W_GE10,EMPUD6,ALL,ALL,ALL,ALL,2022,400,2022,ISTAT SDMX,6_471_DF_DCSP_LACIS_13,Employees with a tertiary degree and economic activities (Nace 2 digit)
