COD_ATENEO,NOME_ATENEO,ISCRITTI_LAUREA,ISCRITTI_DOTTORATO,ISCRITTI_SPECIALIZZAZIONE,ISCRITTI_MASTER,TASSA_MEDIA_PAGANTI_LAUREA,TASSA_MEDIA_TOTALE_ISCRITTI_LAUREA
5801,"Roma - Università degli studi ""La Sapienza""",112407.0,4146.0,3149.0,3020.0,"1460,37","940,43"
6307,"Napoli - Università telematica ""Pegaso""",88186.0,32.0,0.0,13595.0,"2019,83","2019,38"
3701,Bologna - Università degli studi,83859.0,2611.0,2429.0,1422.0,"1831,44","1264,87"
101,Torino - Università degli studi,78473.0,1240.0,2793.0,2088.0,"1406,96","985,93"
6301,"Napoli - Università degli studi ""Federico II""",73453.0,1872.0,1405.0,420.0,"1513,4","769,7"
2801,Padova - Università degli studi,72252.0,2113.0,2565.0,3042.0,"2096,92","1382,62"
1501,Milano - Università degli studi,58804.0,1453.0,3419.0,403.0,"2058,18","1275,56"
1301,"Novedrate (CO) - Università telematica ""e-Campus""",56077.0,41.0,0.0,16677.0,"3664,09","2905,21"
4801,Firenze - Università degli studi,54075.0,1097.0,1892.0,739.0,"1380,14","983,92"
5814,Roma - Universitas telematica Mercatorum,51010.0,33.0,0.0,859.0,"1868,9","1866,82"
1502,Milano - Politecnico,49223.0,2404.0,0.0,1561.0,"2509,83","1946,37"
8201,Palermo - Università degli studi,45287.0,1165.0,1301.0,288.0,"1384,64","678,94"
5001,Pisa - Università,45139.0,1073.0,1305.0,1352.0,"1534,21","918,04"
1504,"Milano - Università Cattolica del ""Sacro Cuore""",42073.0,758.0,1370.0,3497.0,"7220,3","6542,48"
8701,Catania - Università degli studi,39999.0,776.0,1352.0,320.0,"995,49","587,88"
7201,Bari - Università degli studi,39396.0,982.0,1938.0,250.0,"1368,35","755,27"
102,Torino - Politecnico,37350.0,1420.0,0.0,91.0,"1504,95","852,18"
1509,Milano-Bicocca - Università degli studi,35666.0,854.0,1195.0,572.0,"1698,2","1228,38"
5807,Roma - III Università degli studi,35606.0,382.0,0.0,1268.0,"1149,04","731,51"
6501,Salerno - Università degli studi,32670.0,760.0,509.0,150.0,"1179,61","605,22"
1001,Genova - Università degli studi,32038.0,1384.0,950.0,292.0,"1781,74","1271,16"
5802,"Roma - Università degli studi di ""Tor Vergata""",31016.0,1595.0,416.0,1402.0,"1684,74","906,38"
5401,Perugia - Università degli studi,28962.0,561.0,583.0,227.0,"1262,77","838,81"
3401,Parma - Università degli studi,28892.0,615.0,836.0,744.0,"1501,41","1064,73"
3801,Ferrara - Università degli studi,27001.0,452.0,920.0,558.0,"1424,13","934,8"
1801,Pavia - Università degli studi,26599.0,895.0,1093.0,1204.0,"2045,05","1285,48"
3601,Modena e Reggio Emilia - Università degli studi,26082.0,714.0,1334.0,273.0,"1600,52","1131,55"
2301,Verona - Università degli studi,25491.0,582.0,1606.0,811.0,"1431,06","1094,15"
8301,Messina - Università degli studi,25487.0,506.0,1196.0,154.0,"1041,91","508,41"
9201,Cagliari - Università degli studi,23696.0,387.0,995.0,84.0,"1337,06","708,19"
6306,"Napoli - Università degli studi della Campania ""Luigi Vanvitelli""",22864.0,1019.0,1294.0,371.0,"2054,26","861,17"
7801,Arcavacata di Rende - Università della Calabria,22653.0,340.0,86.0,1128.0,"1054,69","538,17"
6901,Chieti e Pescara - Università degli studi Gabriele D'Annunzio,20094.0,434.0,528.0,732.0,"1152,97","611,31"
1601,Bergamo - Università degli studi,19794.0,208.0,17.0,125.0,"1210,91","774,23"
7501,Lecce - Università del Salento,19550.0,415.0,28.0,505.0,"1249,28","553,52"
2701,Venezia - Università Ca' Foscari Venezia,18812.0,438.0,0.0,550.0,"1946,56","1475,05"
5810,"Roma - Università telematica ""Guglielmo Marconi""",18637.0,75.0,48.0,1275.0,"2096,9","2095,06"
5815,Roma - Università telematica Niccolò Cusano (già UNISU),18579.0,52.0,0.0,2949.0,"3138,15","3138,15"
3201,Trieste - Università degli studi,17265.0,523.0,572.0,324.0,"1670,32","1086,96"
2201,Trento - Università degli studi,16959.0,848.0,48.0,110.0,"1571,61","1209,83"
1701,Brescia - Università degli studi,16872.0,356.0,1186.0,152.0,"1642,07","1203,73"
6601,L'Aquila - Università degli studi,16523.0,380.0,506.0,128.0,"717,18","525,48"
4201,Ancona - Università Politecnica delle Marche,15728.0,355.0,680.0,176.0,"1352,47","859,58"
5201,Siena - Università degli studi,14930.0,628.0,630.0,473.0,"1598,88","1130,24"
6302,"Napoli - Università degli studi ""Parthenope""",14743.0,237.0,40.0,344.0,"1490,77","610,23"
3001,Udine - Università degli studi,14443.0,309.0,525.0,600.0,"1707,05","1199,28"
5816,"Roma - Università telematica ""San Raffaele"" - già ""UNITEL""",14185.0,20.0,0.0,1294.0,"2321,04","2312,91"
1503,"Milano - Università commerciale ""Luigi Bocconi""",13933.0,173.0,0.0,1750.0,"14930,76","12842,67"
201,"Vercelli - Università degli studi del Piemonte orientale ""A. Avogadro""",13820.0,247.0,580.0,176.0,"1590,48","1038,04"
4101,"Urbino - Università degli studi ""Carlo Bo""",13101.0,170.0,0.0,458.0,"1530,49","900,01"
7101,Foggia - Università degli studi,13012.0,73.0,2.0,42.0,"1017,89","520,85"
5805,Roma - Luiss Libera Università internazionale degli studi sociali Guido Carli,11720.0,124.0,0.0,2089.0,"11958,65","10552,83"
7901,"Catanzaro - Università degli studi ""Magna Grecia""",11712.0,261.0,767.0,471.0,"1171,62","514,68"
9001,Sassari - Università degli studi,11454.0,235.0,361.0,80.0,"822,77","493,77"
1202,Varese - Università dell' Insubria,10859.0,239.0,594.0,177.0,"2378,49","1730,58"
7202,Bari - Politecnico,10410.0,398.0,7.0,40.0,"1068,17","691,78"
5813,"Roma - Università telematica internazionale ""UNINETTUNO""",10096.0,34.0,0.0,638.0,"1628,55","1100,91"
4301,Macerata - Università degli studi,9026.0,207.0,79.0,142.0,"1037,31","662,16"
6304,"Napoli - Università degli studi ""Suor Orsola Benincasa""",8998.0,36.0,108.0,3717.0,"3204,94","2213,71"
5803,Roma - Libera Università Maria SS.Assunta (LUMSA),8848.0,89.0,0.0,1001.0,"4563,6","3961,42"
6303,"Napoli - Università degli studi ""L' Orientale""",8455.0,114.0,0.0,70.0,"744,77","431,9"
1505,Milano - Libera Università di Lingue e Comunicazione (IULM),7938.0,59.0,0.0,342.0,"7151,78","6376,07"
5601,Viterbo - Università della Tuscia,7763.0,269.0,58.0,115.0,"1019,27","634,48"
6001,Cassino - Università degli Studi di Cassino e del Lazio Meridionale,7249.0,122.0,0.0,163.0,"1165,98","548,55"
7001,Campobasso - Università degli studi del Molise,6695.0,150.0,86.0,217.0,"1314,12","797,39"
4302,Camerino - Università degli studi,6131.0,322.0,168.0,508.0,"1395,98","809,86"
1508,Milano - Università Vita-Salute San Raffaele,6079.0,181.0,955.0,211.0,"13923,4","13234,78"
5811,"Roma - Università telematica ""Unitelma Sapienza""",5875.0,0.0,0.0,6204.0,"1284,06","1272,62"
8601,"Enna - Libera Università della Sicilia Centrale ""KORE""",5654.0,110.0,68.0,30.0,"4688,73","3677,98"
7601,Potenza - Università degli studi della Basilicata,5037.0,139.0,36.0,87.0,"1131,95","729,63"
8001,Reggio Calabria - Università degli studi Mediterranea,5003.0,87.0,14.0,62.0,"1198,26","567,25"
2702,Venezia - Università IUAV,4715.0,114.0,26.0,102.0,"2297,01","1624,24"
6701,Teramo - Università degli studi,4660.0,125.0,210.0,330.0,"1315,66","826,96"
6201,Benevento - Università degli studi del Sannio,3734.0,115.0,0.0,73.0,"1352,2","711,54"
5818,Roma - Saint Camillus International,3438.0,0.0,1.0,5209.0,"13954,53","13954,53"
2101,Bolzano - Libera Università,3363.0,257.0,0.0,32.0,"1217,58","923,21"
5808,"Roma - Università ""Campus Bio-Medico""",3252.0,226.0,613.0,297.0,"10292,27","9322,84"
6202,"Benevento - Università telematica ""Giustino Fortunato""",2542.0,0.0,0.0,1015.0,"2689,78","2684,17"
7203,"Casamassima - Libera Università Mediterranea ""Giuseppe Degennaro""",2447.0,28.0,3.0,1105.0,"7749,4","7403,11"
5806,"Roma - Università degli studi del ""Foro Italico""",2437.0,39.0,0.0,0.0,"1211,22","854,2"
5812,Roma - Università Europea,2400.0,24.0,0.0,124.0,"5301,25",5256
1201,"Castellanza - Università ""Carlo Cattaneo""",2349.0,26.0,0.0,137.0,"7271,87","6913,89"
1510,Rozzano (MI) - Humanitas University,2141.0,126.0,447.0,48.0,"13276,28","13178,21"
4804,"Firenze - Università telematica ""Italian University line""",1846.0,0.0,0.0,37.0,"1653,21","1579,21"
5202,Siena - Università per stranieri,1547.0,42.0,41.0,52.0,"1370,68","878,38"
5817,Roma - Link Campus University,1445.0,21.0,0.0,63.0,"9660,38","8979,89"
5809,Roma - Università degli Studi Internazionali  UNINT,1201.0,21.0,0.0,244.0,"5898,55","4973,86"
701,Aosta - Università degli studi,1063.0,0.0,0.0,39.0,"1518,18","1213,71"
5403,Perugia - Università per stranieri,1023.0,36.0,0.0,69.0,"914,21","413,49"
6902,"Torrevecchia Teatina (CH) - Università telematica ""Leonardo da Vinci""",578.0,26.0,0.0,557.0,"1564,1","1536,03"
401,Bra (CN) - Università di Scienze Gastronomiche,298.0,22.0,0.0,90.0,"13161,46","11984,77"
8003,Reggio Calabria - Università per Stranieri,189.0,0.0,0.0,0.0,"1010,05","840,09"
3202,Trieste - Scuola internazionale superiore di studi avanzati,0.0,320.0,0.0,0.0,,
1802,Pavia - Istituto universitario di studi superiori,0.0,393.0,0.0,0.0,,
4601,Lucca - Scuola IMT Alti Studi,0.0,295.0,0.0,0.0,,
5002,Pisa - Scuola normale superiore,0.0,435.0,0.0,0.0,,
5819,Roma - CASD - Centro Alti Studi per la Difesa,0.0,24.0,0.0,17.0,,
5003,"Pisa - Scuola superiore studi universitari e perfezionamento ""S. Anna""",0.0,348.0,0.0,137.0,,
6308,Napoli - Scuola Superiore Meridionale,0.0,137.0,0.0,0.0,,
6603,L'Aquila - Gran Sasso Science Institute,0.0,159.0,0.0,0.0,,
