iso3,education_spending_pct_gdp_year,education_spending_pct_gdp,tertiary_enrollment_gross_pct_year,tertiary_enrollment_gross_pct,learning_poverty_pct_year,learning_poverty_pct,access_minus_learning_gap_year,access_minus_learning_gap,cost_intensity_x_access_year,cost_intensity_x_access,country,oecd_funding_year,state_pct_gdp_oecd,private_pct_gdp_oecd,total_pct_gdp_oecd,oecd_funding_year_usd,state_usd_ppp_oecd,private_usd_ppp_oecd,total_usd_ppp_oecd,state_share_pct_oecd,private_share_pct_oecd,per_student_usd_ppp_oecd_year,per_student_usd_ppp_oecd,education_spending_pct_gdp_rank,education_spending_pct_gdp_n,education_spending_pct_gdp_pct_better,tertiary_enrollment_gross_pct_rank,tertiary_enrollment_gross_pct_n,tertiary_enrollment_gross_pct_pct_better,learning_poverty_pct_rank,learning_poverty_pct_n,learning_poverty_pct_pct_better,access_minus_learning_gap_rank,access_minus_learning_gap_n,access_minus_learning_gap_pct_better,cost_intensity_x_access_rank,cost_intensity_x_access_n,cost_intensity_x_access_pct_better,state_pct_gdp_oecd_rank,state_pct_gdp_oecd_n,state_pct_gdp_oecd_pct_better,private_pct_gdp_oecd_rank,private_pct_gdp_oecd_n,private_pct_gdp_oecd_pct_better,state_share_pct_oecd_rank,state_share_pct_oecd_n,state_share_pct_oecd_pct_better,private_share_pct_oecd_rank,private_share_pct_oecd_n,private_share_pct_oecd_pct_better,per_student_usd_ppp_oecd_rank,per_student_usd_ppp_oecd_n,per_student_usd_ppp_oecd_pct_better
àAàBàWà,2021.0,3.62,2024.0,14.07,2018.17,44.53,2018.07,7.09,2016.0,1718.31,àAàràuàbàaà,2021.74,82.61,0.73,4.64,2021.74,6476230.46,25881.12,113384.59,83.34,15.5,2022.0,13563.55,143.0,244.0,41.56,185.0,245.0,24.59,77.99,155.0,50.01,68.99,137.0,50.01,50.0,194.0,74.61,24.0,47.0,50.0,20.5,40.0,50.0,21.0,41.0,50.0,20.5,40.0,50.0,20.5,40.0,50.0
àAàFàEà,2023.0,3.96,2021.0,8.66,2019.0,90.31,2019.0,-81.64,2013.88,1256.86,àAàfàràiàcàaà àEàaàsàtàeàrànà àaànàdà àSàoàuàtàhàeàrànà,2021.74,82.61,0.73,4.64,2021.74,6476230.46,25881.12,113384.59,83.34,15.5,2022.0,13563.55,122.0,244.0,50.21,214.0,245.0,12.7,140.0,155.0,9.74,129.0,137.0,5.88,97.49,194.0,50.0,24.0,47.0,50.0,20.5,40.0,50.0,21.0,41.0,50.0,20.5,40.0,50.0,20.5,40.0,50.0
àAàFàGà,2017.0,4.34,2020.0,10.85,2013.0,93.27,2018.07,7.09,2014.0,488.92,àAàfàgàhàaànàiàsàtàaànà,2021.74,82.61,0.73,4.64,2021.74,6476230.46,25881.12,113384.59,83.34,15.5,2022.0,13563.55,99.0,244.0,59.67,197.0,245.0,19.67,146.0,155.0,5.84,68.99,137.0,50.01,163.0,194.0,16.06,24.0,47.0,50.0,20.5,40.0,50.0,21.0,41.0,50.0,20.5,40.0,50.0,20.5,40.0,50.0
àAàFàWà,2023.0,3.22,2021.0,10.19,2019.0,79.56,2019.0,-69.83,2013.0,829.33,àAàfàràiàcàaà àWàeàsàtàeàrànà àaànàdà àCàeànàtàràaàlà,2021.74,82.61,0.73,4.64,2021.74,6476230.46,25881.12,113384.59,83.34,15.5,2022.0,13563.55,178.0,244.0,27.16,202.0,245.0,17.62,125.0,155.0,19.48,119.0,137.0,13.24,126.0,194.0,35.23,24.0,47.0,50.0,20.5,40.0,50.0,21.0,41.0,50.0,20.5,40.0,50.0,20.5,40.0,50.0
àAàGàOà,2023.0,2.51,2024.0,9.95,2018.17,44.53,2018.07,7.09,2006.0,210.28,àAànàgàoàlàaà,2021.74,82.61,0.73,4.64,2021.74,6476230.46,25881.12,113384.59,83.34,15.5,2022.0,13563.55,211.0,244.0,13.58,204.0,245.0,16.8,77.99,155.0,50.01,68.99,137.0,50.01,188.0,194.0,3.11,24.0,47.0,50.0,20.5,40.0,50.0,21.0,41.0,50.0,20.5,40.0,50.0,20.5,40.0,50.0
àAàLàBà,2023.0,3.09,2024.0,84.15,2021.0,10.24,2021.0,49.73,2017.0,799.81,àAàlàbàaànàiàaà,2021.74,82.61,0.73,4.64,2021.74,6476230.46,25881.12,113384.59,83.34,15.5,2022.0,13563.55,187.0,244.0,23.46,23.0,245.0,90.98,35.0,155.0,77.92,44.0,137.0,68.38,129.0,194.0,33.68,24.0,47.0,50.0,20.5,40.0,50.0,21.0,41.0,50.0,20.5,40.0,50.0,20.5,40.0,50.0
àAàNàDà,2023.0,1.9,2024.0,67.68,2018.17,44.53,2018.07,7.09,2018.0,350.18,àAànàdàoàràràaà,2021.74,82.61,0.73,4.64,2021.74,6476230.46,25881.12,113384.59,83.34,15.5,2022.0,13563.55,228.0,244.0,6.58,67.0,245.0,72.95,77.99,155.0,50.01,68.99,137.0,50.01,175.0,194.0,9.84,24.0,47.0,50.0,20.5,40.0,50.0,21.0,41.0,50.0,20.5,40.0,50.0,20.5,40.0,50.0
àAàRàBà,2020.0,3.77,2024.0,35.08,2018.17,44.53,2018.07,7.09,2013.88,1256.86,àAàràaàbà àWàoàràlàdà,2021.74,82.61,0.73,4.64,2021.74,6476230.46,25881.12,113384.59,83.34,15.5,2022.0,13563.55,133.0,244.0,45.68,133.0,245.0,45.9,77.99,155.0,50.01,68.99,137.0,50.01,97.49,194.0,50.0,24.0,47.0,50.0,20.5,40.0,50.0,21.0,41.0,50.0,20.5,40.0,50.0,20.5,40.0,50.0
àAàRàEà,2021.0,3.89,2024.0,63.74,2021.0,25.92,2021.0,30.54,2013.88,1256.86,àUànàiàtàeàdà àAàràaàbà àEàmàiàràaàtàeàsà,2021.74,82.61,0.73,4.64,2021.74,6476230.46,25881.12,113384.59,83.34,15.5,2022.0,13563.55,126.0,244.0,48.56,71.0,245.0,71.31,59.0,155.0,62.34,54.0,137.0,61.03,97.49,194.0,50.0,24.0,47.0,50.0,20.5,40.0,50.0,21.0,41.0,50.0,20.5,40.0,50.0,20.5,40.0,50.0
àAàRàGà,2023.0,5.0,2023.0,107.82,2019.0,59.15,2019.0,36.05,2017.0,1510.79,àAàràgàeànàtàiànàaà,2022.0,4.12,0.73,4.64,2022.0,48417.36,25881.12,113384.59,83.34,15.5,2022.0,13563.55,69.0,244.0,72.02,9.0,245.0,96.72,100.0,155.0,35.71,52.0,137.0,62.5,66.0,194.0,66.32,19.0,47.0,60.87,20.5,40.0,50.0,21.0,41.0,50.0,20.5,40.0,50.0,20.5,40.0,50.0
àAàRàMà,2023.0,2.44,2024.0,52.77,2019.0,27.24,2019.0,26.35,2017.0,548.47,àAàràmàeànàiàaà,2021.74,82.61,0.73,4.64,2021.74,6476230.46,25881.12,113384.59,83.34,15.5,2022.0,13563.55,213.0,244.0,12.76,99.0,245.0,59.84,61.0,155.0,61.04,57.0,137.0,58.82,154.0,194.0,20.73,24.0,47.0,50.0,20.5,40.0,50.0,21.0,41.0,50.0,20.5,40.0,50.0,20.5,40.0,50.0
àAàSàMà,2006.0,14.72,1989.0,19.62,2018.17,44.53,2018.07,7.09,2013.88,1256.86,àAàmàeàràiàcàaànà àSàaàmàoàaà,2021.74,82.61,0.73,4.64,2021.74,6476230.46,25881.12,113384.59,83.34,15.5,2022.0,13563.55,2.0,244.0,99.59,170.0,245.0,30.74,77.99,155.0,50.01,68.99,137.0,50.01,97.49,194.0,50.0,24.0,47.0,50.0,20.5,40.0,50.0,21.0,41.0,50.0,20.5,40.0,50.0,20.5,40.0,50.0
àAàTàGà,2023.0,3.11,2012.0,25.12,2018.17,44.53,2018.07,7.09,2009.0,230.6,àAànàtàiàgàuàaà àaànàdà àBàaàràbàuàdàaà,2021.74,82.61,0.73,4.64,2021.74,6476230.46,25881.12,113384.59,83.34,15.5,2022.0,13563.55,185.0,244.0,24.28,151.0,245.0,38.52,77.99,155.0,50.01,68.99,137.0,50.01,187.0,194.0,3.63,24.0,47.0,50.0,20.5,40.0,50.0,21.0,41.0,50.0,20.5,40.0,50.0,20.5,40.0,50.0
àAàUàSà,2022.0,5.06,2024.0,108.42,2021.0,9.06,2021.0,103.62,2016.0,2133.89,àAàuàsàtàràaàlàiàaà,2022.0,3.82,1.6,5.41,2022.0,57202.26,23912.96,81115.22,70.52,29.48,2022.0,17529.39,64.0,244.0,74.07,8.0,245.0,97.13,30.0,155.0,81.17,2.0,137.0,99.26,25.0,194.0,87.56,25.0,47.0,47.83,37.0,40.0,7.69,39.0,41.0,5.0,38.0,40.0,5.13,13.0,40.0,69.23
àAàUàTà,2022.0,5.28,2024.0,92.61,2021.0,14.97,2021.0,78.97,2016.0,3002.18,àAàuàsàtàràiàaà,2022.0,4.34,0.35,4.69,2022.0,24972.41,2020.04,26992.45,92.52,7.48,2022.0,20941.68,51.0,244.0,79.42,16.0,245.0,93.85,45.0,155.0,71.43,15.0,137.0,89.71,8.0,194.0,96.37,14.0,47.0,71.74,9.0,40.0,79.49,7.0,41.0,85.0,9.0,40.0,79.49,3.0,40.0,94.87
àAàZàEà,2023.0,3.66,2024.0,41.34,2021.0,37.55,2021.0,1.46,2017.0,552.01,àAàzàeàràbàaàiàjàaànà,2021.74,82.61,0.73,4.64,2021.74,6476230.46,25881.12,113384.59,83.34,15.5,2022.0,13563.55,141.0,244.0,42.39,120.0,245.0,51.23,72.0,155.0,53.9,76.0,137.0,44.85,152.0,194.0,21.76,24.0,47.0,50.0,20.5,40.0,50.0,21.0,41.0,50.0,20.5,40.0,50.0,20.5,40.0,50.0
àBàDàIà,2025.0,4.5,2025.0,6.38,2019.0,95.82,2014.0,-88.69,2013.0,1143.61,àBàuàràuànàdàià,2021.74,82.61,0.73,4.64,2021.74,6476230.46,25881.12,113384.59,83.34,15.5,2022.0,13563.55,89.0,244.0,63.79,221.0,245.0,9.84,151.0,155.0,2.6,134.0,137.0,2.21,92.0,194.0,52.85,24.0,47.0,50.0,20.5,40.0,50.0,21.0,41.0,50.0,20.5,40.0,50.0,20.5,40.0,50.0
àBàEàLà,2022.0,6.28,2023.0,82.15,2021.0,8.53,2021.0,74.16,2016.0,2487.78,àBàeàlàgàiàuàmà,2022.0,5.16,0.34,5.58,2022.0,36985.67,2452.95,40004.02,92.45,6.13,2022.0,19023.58,25.0,244.0,90.12,27.0,245.0,89.34,27.0,155.0,83.12,20.0,137.0,86.03,14.0,194.0,93.26,5.0,47.0,91.3,8.0,40.0,82.05,8.0,41.0,82.5,7.0,40.0,84.62,8.0,40.0,82.05
àBàEàNà,2023.0,3.23,2022.0,10.24,2019.0,55.78,2019.0,-45.39,2015.0,970.37,àBàeànàiànà,2021.74,82.61,0.73,4.64,2021.74,6476230.46,25881.12,113384.59,83.34,15.5,2022.0,13563.55,176.0,244.0,27.98,201.0,245.0,18.03,94.0,155.0,39.61,105.0,137.0,23.53,107.0,194.0,45.08,24.0,47.0,50.0,20.5,40.0,50.0,21.0,41.0,50.0,20.5,40.0,50.0,20.5,40.0,50.0
àBàFàAà,2023.0,5.33,2024.0,10.04,2019.0,73.86,2019.0,-66.96,2016.0,1899.84,àBàuàràkàiànàaà àFàaàsàoà,2021.74,82.61,0.73,4.64,2021.74,6476230.46,25881.12,113384.59,83.34,15.5,2022.0,13563.55,46.0,244.0,81.48,203.0,245.0,17.21,114.0,155.0,26.62,114.0,137.0,16.91,39.0,194.0,80.31,24.0,47.0,50.0,20.5,40.0,50.0,21.0,41.0,50.0,20.5,40.0,50.0,20.5,40.0,50.0
àBàGàDà,2024.0,2.03,2024.0,23.73,2022.0,51.22,2022.0,-27.72,2016.0,520.28,àBàaànàgàlàaàdàeàsàhà,2021.74,82.61,0.73,4.64,2021.74,6476230.46,25881.12,113384.59,83.34,15.5,2022.0,13563.55,223.0,244.0,8.64,155.0,245.0,36.89,87.0,155.0,44.16,93.0,137.0,32.35,158.0,194.0,18.65,24.0,47.0,50.0,20.5,40.0,50.0,21.0,41.0,50.0,20.5,40.0,50.0,20.5,40.0,50.0
àBàGàRà,2022.0,4.5,2024.0,69.55,2021.0,18.19,2021.0,67.12,2013.0,1132.25,àBàuàlàgàaàràiàaà,2022.0,2.89,0.42,3.33,2022.0,5817.46,836.84,6689.93,86.96,12.51,2022.0,8702.89,90.0,244.0,63.37,62.0,245.0,75.0,51.0,155.0,67.53,25.0,137.0,82.35,93.0,194.0,52.33,42.0,47.0,10.87,12.0,40.0,71.79,15.0,41.0,65.0,18.0,40.0,56.41,32.0,40.0,20.51
àBàHàRà,2023.0,1.89,2024.0,58.37,2021.0,30.17,2021.0,17.34,2013.0,945.63,àBàaàhàràaàiànà,2021.74,82.61,0.73,4.64,2021.74,6476230.46,25881.12,113384.59,83.34,15.5,2022.0,13563.55,229.0,244.0,6.17,83.0,245.0,66.39,63.0,155.0,59.74,60.0,137.0,56.62,110.0,194.0,43.52,24.0,47.0,50.0,20.5,40.0,50.0,21.0,41.0,50.0,20.5,40.0,50.0,20.5,40.0,50.0
àBàHàSà,2023.0,2.74,1995.0,14.84,2018.17,44.53,2018.07,7.09,2013.88,1256.86,"àBàaàhàaàmàaàsà,à àTàhàeà",2021.74,82.61,0.73,4.64,2021.74,6476230.46,25881.12,113384.59,83.34,15.5,2022.0,13563.55,206.0,244.0,15.64,182.0,245.0,25.82,77.99,155.0,50.01,68.99,137.0,50.01,97.49,194.0,50.0,24.0,47.0,50.0,20.5,40.0,50.0,21.0,41.0,50.0,20.5,40.0,50.0,20.5,40.0,50.0
àBàIàHà,2023.0,3.25,2023.0,45.5,2018.17,44.53,2018.07,7.09,2016.0,1351.56,àBàoàsànàiàaà àaànàdà àHàeàràzàeàgàoàvàiànàaà,2021.74,82.61,0.73,4.64,2021.74,6476230.46,25881.12,113384.59,83.34,15.5,2022.0,13563.55,169.0,244.0,30.86,109.0,245.0,55.74,77.99,155.0,50.01,68.99,137.0,50.01,77.0,194.0,60.62,24.0,47.0,50.0,20.5,40.0,50.0,21.0,41.0,50.0,20.5,40.0,50.0,20.5,40.0,50.0
àBàLàRà,2024.0,5.05,2024.0,70.11,2018.17,44.53,2018.07,7.09,2017.0,1603.53,àBàeàlàaàràuàsà,2021.74,82.61,0.73,4.64,2021.74,6476230.46,25881.12,113384.59,83.34,15.5,2022.0,13563.55,66.0,244.0,73.25,60.0,245.0,75.82,77.99,155.0,50.01,68.99,137.0,50.01,59.0,194.0,69.95,24.0,47.0,50.0,20.5,40.0,50.0,21.0,41.0,50.0,20.5,40.0,50.0,20.5,40.0,50.0
àBàLàZà,2024.0,4.62,2024.0,24.81,2001.0,76.41,2001.0,-61.22,2017.0,675.61,àBàeàlàiàzàeà,2021.74,82.61,0.73,4.64,2021.74,6476230.46,25881.12,113384.59,83.34,15.5,2022.0,13563.55,83.0,244.0,66.26,152.0,245.0,38.11,115.0,155.0,25.97,112.0,137.0,18.38,140.0,194.0,27.98,24.0,47.0,50.0,20.5,40.0,50.0,21.0,41.0,50.0,20.5,40.0,50.0,20.5,40.0,50.0
àBàMàUà,2023.0,1.87,2023.0,17.34,2018.17,44.53,2018.07,7.09,2017.0,521.72,àBàeàràmàuàdàaà,2021.74,82.61,0.73,4.64,2021.74,6476230.46,25881.12,113384.59,83.34,15.5,2022.0,13563.55,230.0,244.0,5.76,173.0,245.0,29.51,77.99,155.0,50.01,68.99,137.0,50.01,157.0,194.0,19.17,24.0,47.0,50.0,20.5,40.0,50.0,21.0,41.0,50.0,20.5,40.0,50.0,20.5,40.0,50.0
àBàOàLà,2024.0,7.54,2020.56,43.61,2018.17,44.53,2018.07,7.09,2013.88,1256.86,àBàoàlàiàvàiàaà,2021.74,82.61,0.73,4.64,2021.74,6476230.46,25881.12,113384.59,83.34,15.5,2022.0,13563.55,13.0,244.0,95.06,122.99,245.0,50.0,77.99,155.0,50.01,68.99,137.0,50.01,97.49,194.0,50.0,24.0,47.0,50.0,20.5,40.0,50.0,21.0,41.0,50.0,20.5,40.0,50.0,20.5,40.0,50.0
àBàRàAà,2022.0,5.62,2024.0,69.73,2019.0,46.9,2019.0,6.72,2015.0,1621.78,àBàràaàzàiàlà,2022.0,4.43,0.73,4.64,2022.0,160712.36,25881.12,113384.59,83.34,15.5,2022.0,13563.55,35.0,244.0,86.01,61.0,245.0,75.41,82.0,155.0,47.4,71.0,137.0,48.53,55.0,194.0,72.02,13.0,47.0,73.91,20.5,40.0,50.0,21.0,41.0,50.0,20.5,40.0,50.0,20.5,40.0,50.0
àBàRàBà,2024.0,3.56,2025.0,50.8,2018.17,44.53,2018.07,7.09,2010.0,2900.34,àBàaàràbàaàdàoàsà,2021.74,82.61,0.73,4.64,2021.74,6476230.46,25881.12,113384.59,83.34,15.5,2022.0,13563.55,146.0,244.0,40.33,101.0,245.0,59.02,77.99,155.0,50.01,68.99,137.0,50.01,10.0,194.0,95.34,24.0,47.0,50.0,20.5,40.0,50.0,21.0,41.0,50.0,20.5,40.0,50.0,20.5,40.0,50.0
àBàRàNà,2016.0,4.43,2023.0,36.42,2018.17,44.53,2018.07,7.09,2016.0,915.19,àBàràuànàeàià àDàaàràuàsàsàaàlàaàmà,2021.74,82.61,0.73,4.64,2021.74,6476230.46,25881.12,113384.59,83.34,15.5,2022.0,13563.55,94.0,244.0,61.73,129.0,245.0,47.54,77.99,155.0,50.01,68.99,137.0,50.01,114.0,194.0,41.45,24.0,47.0,50.0,20.5,40.0,50.0,21.0,41.0,50.0,20.5,40.0,50.0,20.5,40.0,50.0
àBàTàNà,2023.0,5.85,2024.0,13.01,2018.17,44.53,2018.07,7.09,2011.0,493.32,àBàhàuàtàaànà,2021.74,82.61,0.73,4.64,2021.74,6476230.46,25881.12,113384.59,83.34,15.5,2022.0,13563.55,33.0,244.0,86.83,188.0,245.0,23.36,77.99,155.0,50.01,68.99,137.0,50.01,162.0,194.0,16.58,24.0,47.0,50.0,20.5,40.0,50.0,21.0,41.0,50.0,20.5,40.0,50.0,20.5,40.0,50.0
àBàWàAà,2020.0,8.06,2024.0,21.41,2011.0,50.84,2011.0,-33.32,2009.0,5410.3,àBàoàtàsàwàaànàaà,2021.74,82.61,0.73,4.64,2021.74,6476230.46,25881.12,113384.59,83.34,15.5,2022.0,13563.55,9.0,244.0,96.71,164.0,245.0,33.2,85.0,155.0,45.45,100.0,137.0,27.21,1.0,194.0,100.0,24.0,47.0,50.0,20.5,40.0,50.0,21.0,41.0,50.0,20.5,40.0,50.0,20.5,40.0,50.0
àCàAàFà,2023.0,1.83,2012.0,2.78,2018.17,44.53,2018.07,7.09,2011.0,297.09,àCàeànàtàràaàlà àAàfàràiàcàaànà àRàeàpàuàbàlàiàcà,2021.74,82.61,0.73,4.64,2021.74,6476230.46,25881.12,113384.59,83.34,15.5,2022.0,13563.55,231.0,244.0,5.35,236.0,245.0,3.69,77.99,155.0,50.01,68.99,137.0,50.01,181.0,194.0,6.74,24.0,47.0,50.0,20.5,40.0,50.0,21.0,41.0,50.0,20.5,40.0,50.0,20.5,40.0,50.0
àCàAàNà,2022.0,4.84,2023.0,76.27,2016.0,4.3,2016.0,64.94,2016.0,2177.1,àCàaànàaàdàaà,2022.0,4.14,1.31,5.46,2022.0,85106.72,26985.43,112225.2,75.84,24.05,2022.0,18732.83,75.0,244.0,69.55,50.0,245.0,79.92,12.0,155.0,92.86,29.0,137.0,79.41,23.0,194.0,88.6,18.0,47.0,63.04,36.0,40.0,10.26,34.0,41.0,17.5,33.0,40.0,17.95,9.0,40.0,79.49
àCàEàBà,2022.0,4.32,2024.0,68.54,2018.17,44.53,2018.07,7.09,2016.0,1619.63,àCàeànàtàràaàlà àEàuàràoàpàeà àaànàdà àtàhàeà àBàaàlàtàiàcàsà,2021.74,82.61,0.73,4.64,2021.74,6476230.46,25881.12,113384.59,83.34,15.5,2022.0,13563.55,101.0,244.0,58.85,65.0,245.0,73.77,77.99,155.0,50.01,68.99,137.0,50.01,56.0,194.0,71.5,24.0,47.0,50.0,20.5,40.0,50.0,21.0,41.0,50.0,20.5,40.0,50.0,20.5,40.0,50.0
àCàHàEà,2022.0,4.86,2024.0,73.54,2018.17,44.53,2018.07,7.09,2016.0,2288.97,àSàwàiàtàzàeàràlàaànàdà,2022.0,4.28,0.73,4.64,2022.0,29366.95,25881.12,113384.59,83.34,15.5,2022.0,13563.55,74.0,244.0,69.96,55.0,245.0,77.87,77.99,155.0,50.01,68.99,137.0,50.01,17.0,194.0,91.71,15.0,47.0,69.57,20.5,40.0,50.0,21.0,41.0,50.0,20.5,40.0,50.0,20.5,40.0,50.0
àCàHàLà,2022.0,4.91,2024.0,110.18,2019.0,27.19,2019.0,64.88,2017.0,1821.75,àCàhàiàlàeà,2022.0,3.71,2.21,5.93,2022.0,20721.51,12357.62,33079.12,62.64,37.36,2022.0,8067.6,72.0,244.0,70.78,7.0,245.0,97.54,60.0,155.0,61.69,30.0,137.0,78.68,44.0,194.0,77.72,29.0,47.0,39.13,40.0,40.0,0.0,41.0,41.0,0.0,40.0,40.0,0.0,33.0,40.0,17.95
àCàHàNà,2023.0,3.9,2024.0,76.88,2016.0,18.2,2016.0,31.11,1999.0,589.1,àCàhàiànàaà,2022.0,3.25,0.85,4.1,2022.0,938753.95,246193.9,1184947.85,79.22,20.78,2022.0,5161.42,125.0,244.0,48.97,47.0,245.0,81.15,52.0,155.0,66.88,53.0,137.0,61.76,147.0,194.0,24.35,33.0,47.0,30.43,28.0,40.0,30.77,30.0,41.0,27.5,30.0,40.0,25.64,37.0,40.0,7.69
àCàIàVà,2024.0,3.61,2024.0,12.34,2019.0,79.89,2019.0,-69.56,2017.0,1430.36,àCàoàtàeà àdà'àIàvàoàiàràeà,2021.74,82.61,0.73,4.64,2021.74,6476230.46,25881.12,113384.59,83.34,15.5,2022.0,13563.55,144.0,244.0,41.15,193.0,245.0,21.31,126.0,155.0,18.83,118.0,137.0,13.97,69.0,194.0,64.77,24.0,47.0,50.0,20.5,40.0,50.0,21.0,41.0,50.0,20.5,40.0,50.0,20.5,40.0,50.0
àCàMàRà,2023.0,2.84,2024.0,16.66,2019.0,71.93,2019.0,-56.88,2013.0,305.35,àCàaàmàeàràoàoànà,2021.74,82.61,0.73,4.64,2021.74,6476230.46,25881.12,113384.59,83.34,15.5,2022.0,13563.55,202.0,244.0,17.28,174.0,245.0,29.1,111.0,155.0,28.57,109.0,137.0,20.59,180.0,194.0,7.25,24.0,47.0,50.0,20.5,40.0,50.0,21.0,41.0,50.0,20.5,40.0,50.0,20.5,40.0,50.0
àCàOàDà,2022.0,2.84,2020.0,6.38,2019.0,96.6,2018.07,7.09,2013.0,464.76,"àCàoànàgàoà,à àDàeàmà.à àRàeàpà.à",2021.74,82.61,0.73,4.64,2021.74,6476230.46,25881.12,113384.59,83.34,15.5,2022.0,13563.55,201.0,244.0,17.7,222.0,245.0,9.43,152.0,155.0,1.95,68.99,137.0,50.01,165.0,194.0,15.03,24.0,47.0,50.0,20.5,40.0,50.0,21.0,41.0,50.0,20.5,40.0,50.0,20.5,40.0,50.0
àCàOàGà,2023.0,3.34,2023.0,10.38,2019.0,70.01,2018.07,7.09,2013.0,754.27,"àCàoànàgàoà,à àRàeàpà.à",2021.74,82.61,0.73,4.64,2021.74,6476230.46,25881.12,113384.59,83.34,15.5,2022.0,13563.55,160.0,244.0,34.57,200.0,245.0,18.44,110.0,155.0,29.22,68.99,137.0,50.01,136.0,194.0,30.05,24.0,47.0,50.0,20.5,40.0,50.0,21.0,41.0,50.0,20.5,40.0,50.0,20.5,40.0,50.0
àCàOàLà,2020.0,5.26,2022.0,59.29,2019.0,51.36,2019.0,5.31,2018.0,1240.64,àCàoàlàoàmàbàiàaà,2021.74,82.61,0.73,4.64,2021.74,6476230.46,25881.12,113384.59,83.34,15.5,2022.0,13563.55,52.0,244.0,79.01,78.0,245.0,68.44,88.0,155.0,43.51,72.0,137.0,47.79,83.0,194.0,57.51,24.0,47.0,50.0,20.5,40.0,50.0,21.0,41.0,50.0,20.5,40.0,50.0,20.5,40.0,50.0
àCàOàMà,2023.0,2.34,2017.0,18.82,2008.0,86.02,2018.07,7.09,2014.0,238.14,àCàoàmàoàràoàsà,2021.74,82.61,0.73,4.64,2021.74,6476230.46,25881.12,113384.59,83.34,15.5,2022.0,13563.55,214.0,244.0,12.35,172.0,245.0,29.92,135.0,155.0,12.99,68.99,137.0,50.01,186.0,194.0,4.15,24.0,47.0,50.0,20.5,40.0,50.0,21.0,41.0,50.0,20.5,40.0,50.0,20.5,40.0,50.0
àCàPàVà,2023.0,4.35,2018.0,24.29,2018.17,44.53,2018.07,7.09,2017.0,941.06,àCàaàbàoà àVàeàràdàeà,2021.74,82.61,0.73,4.64,2021.74,6476230.46,25881.12,113384.59,83.34,15.5,2022.0,13563.55,98.0,244.0,60.08,153.0,245.0,37.7,77.99,155.0,50.01,68.99,137.0,50.01,111.0,194.0,43.01,24.0,47.0,50.0,20.5,40.0,50.0,21.0,41.0,50.0,20.5,40.0,50.0,20.5,40.0,50.0
àCàRàIà,2023.0,5.31,2019.0,55.02,2019.0,34.02,2019.0,21.0,2018.0,1973.81,àCàoàsàtàaà àRàiàcàaà,2023.0,4.69,0.73,4.64,2023.0,6187.08,25881.12,113384.59,83.34,15.5,2022.0,13563.55,48.0,244.0,80.66,90.0,245.0,63.52,69.0,155.0,55.84,58.0,137.0,58.09,36.0,194.0,81.87,10.0,47.0,80.43,20.5,40.0,50.0,21.0,41.0,50.0,20.5,40.0,50.0,20.5,40.0,50.0
àCàSàSà,2023.0,3.23,2016.0,22.45,2018.17,44.53,2018.07,7.09,2013.88,1256.86,àCàaàràiàbàbàeàaànà àsàmàaàlàlà àsàtàaàtàeàsà,2021.74,82.61,0.73,4.64,2021.74,6476230.46,25881.12,113384.59,83.34,15.5,2022.0,13563.55,173.0,244.0,29.22,161.0,245.0,34.43,77.99,155.0,50.01,68.99,137.0,50.01,97.49,194.0,50.0,24.0,47.0,50.0,20.5,40.0,50.0,21.0,41.0,50.0,20.5,40.0,50.0,20.5,40.0,50.0
àCàUàBà,2022.0,8.44,2024.0,43.1,2018.17,44.53,2018.07,7.09,2007.0,4072.65,àCàuàbàaà,2021.74,82.61,0.73,4.64,2021.74,6476230.46,25881.12,113384.59,83.34,15.5,2022.0,13563.55,7.0,244.0,97.53,115.0,245.0,53.28,77.99,155.0,50.01,68.99,137.0,50.01,2.0,194.0,99.48,24.0,47.0,50.0,20.5,40.0,50.0,21.0,41.0,50.0,20.5,40.0,50.0,20.5,40.0,50.0
àCàUàWà,2024.0,5.44,2013.0,23.08,2018.17,44.53,2018.07,7.09,2013.0,418.6,àCàuàràaàcàaàoà,2021.74,82.61,0.73,4.64,2021.74,6476230.46,25881.12,113384.59,83.34,15.5,2022.0,13563.55,39.0,244.0,84.36,158.0,245.0,35.66,77.99,155.0,50.01,68.99,137.0,50.01,168.0,194.0,13.47,24.0,47.0,50.0,20.5,40.0,50.0,21.0,41.0,50.0,20.5,40.0,50.0,20.5,40.0,50.0
àCàYàMà,2023.0,1.57,2008.0,33.02,2018.17,44.53,2018.07,7.09,2013.88,1256.86,àCàaàyàmàaànà àIàsàlàaànàdàsà,2021.74,82.61,0.73,4.64,2021.74,6476230.46,25881.12,113384.59,83.34,15.5,2022.0,13563.55,235.0,244.0,3.7,136.0,245.0,44.67,77.99,155.0,50.01,68.99,137.0,50.01,97.49,194.0,50.0,24.0,47.0,50.0,20.5,40.0,50.0,21.0,41.0,50.0,20.5,40.0,50.0,20.5,40.0,50.0
àCàYàPà,2022.0,4.74,2024.0,120.88,2021.0,10.25,2021.0,96.11,2016.0,1813.14,àCàyàpàràuàsà,2021.74,82.61,0.73,4.64,2021.74,6476230.46,25881.12,113384.59,83.34,15.5,2022.0,13563.55,79.0,244.0,67.9,3.0,245.0,99.18,36.0,155.0,77.27,3.0,137.0,98.53,45.0,194.0,77.2,24.0,47.0,50.0,20.5,40.0,50.0,21.0,41.0,50.0,20.5,40.0,50.0,20.5,40.0,50.0
àCàZàEà,2022.0,4.3,2023.0,66.73,2021.0,14.21,2021.0,55.63,2016.0,1373.13,àCàzàeàcàhàiàaà,2022.0,3.62,0.5,4.19,2022.0,18573.32,2557.98,21483.05,86.46,11.91,2022.0,12844.47,103.0,244.0,58.02,68.0,245.0,72.54,42.0,155.0,73.38,40.0,137.0,71.32,76.0,194.0,61.14,30.0,47.0,36.96,17.0,40.0,58.97,16.0,41.0,62.5,15.0,40.0,64.1,23.0,40.0,43.59
àDàEàUà,2022.0,5.24,2024.0,76.71,2021.0,15.44,2021.0,60.23,2016.0,2281.73,àGàeàràmàaànàyà,2022.0,3.81,0.54,4.38,2022.0,195398.11,27889.46,224678.98,86.97,12.41,2022.0,17959.7,54.0,244.0,78.19,48.0,245.0,80.74,46.0,155.0,70.78,37.0,137.0,73.53,18.0,194.0,91.19,26.0,47.0,45.65,20.0,40.0,51.28,14.0,41.0,67.5,17.0,40.0,58.97,11.0,40.0,74.36
àDàJàIà,2018.0,3.75,2011.0,5.16,2018.17,44.53,2018.07,7.09,2010.0,698.43,àDàjàiàbàoàuàtàià,2021.74,82.61,0.73,4.64,2021.74,6476230.46,25881.12,113384.59,83.34,15.5,2022.0,13563.55,136.0,244.0,44.44,226.0,245.0,7.79,77.99,155.0,50.01,68.99,137.0,50.01,138.0,194.0,29.02,24.0,47.0,50.0,20.5,40.0,50.0,21.0,41.0,50.0,20.5,40.0,50.0,20.5,40.0,50.0
àDàMàAà,2024.0,5.39,1993.0,6.95,2018.17,44.53,2018.07,7.09,2013.88,1256.86,àDàoàmàiànàiàcàaà,2021.74,82.61,0.73,4.64,2021.74,6476230.46,25881.12,113384.59,83.34,15.5,2022.0,13563.55,45.0,244.0,81.89,219.0,245.0,10.66,77.99,155.0,50.01,68.99,137.0,50.01,97.49,194.0,50.0,24.0,47.0,50.0,20.5,40.0,50.0,21.0,41.0,50.0,20.5,40.0,50.0,20.5,40.0,50.0
àDàNàKà,2022.0,6.36,2024.0,78.96,2021.0,5.14,2021.0,78.85,2014.0,3506.82,àDàeànàmàaàràkà,2023.0,4.88,0.43,5.39,2023.0,19949.87,1744.31,22036.15,90.53,7.92,2022.0,19229.19,24.0,244.0,90.53,39.0,245.0,84.43,15.0,155.0,90.91,16.0,137.0,88.97,4.0,194.0,98.45,9.0,47.0,82.61,13.0,40.0,69.23,10.0,41.0,77.5,10.0,40.0,76.92,5.0,40.0,89.74
àDàOàMà,2023.0,3.76,2024.0,57.65,2019.0,77.72,2018.07,7.09,2013.88,1256.86,àDàoàmàiànàiàcàaànà àRàeàpàuàbàlàiàcà,2021.74,82.61,0.73,4.64,2021.74,6476230.46,25881.12,113384.59,83.34,15.5,2022.0,13563.55,135.0,244.0,44.86,84.0,245.0,65.98,117.0,155.0,24.68,68.99,137.0,50.01,97.49,194.0,50.0,24.0,47.0,50.0,20.5,40.0,50.0,21.0,41.0,50.0,20.5,40.0,50.0,20.5,40.0,50.0
àDàZàAà,2024.0,8.98,2024.0,54.43,2007.0,67.9,2007.0,-44.31,2013.88,1256.86,àAàlàgàeàràiàaà,2021.74,82.61,0.73,4.64,2021.74,6476230.46,25881.12,113384.59,83.34,15.5,2022.0,13563.55,6.0,244.0,97.94,93.0,245.0,62.3,106.0,155.0,31.82,104.0,137.0,24.26,97.49,194.0,50.0,24.0,47.0,50.0,20.5,40.0,50.0,21.0,41.0,50.0,20.5,40.0,50.0,20.5,40.0,50.0
àEàAàPà,2023.0,3.02,2024.0,61.74,2019.0,34.52,2019.0,12.45,2011.0,487.66,àEàaàsàtà àAàsàiàaà à&à àPàaàcàiàfàiàcà à(àeàxàcàlàuàdàiànàgà àhàiàgàhà àiànàcàoàmàeà)à,2021.74,82.61,0.73,4.64,2021.74,6476230.46,25881.12,113384.59,83.34,15.5,2022.0,13563.55,190.0,244.0,22.22,74.0,245.0,70.08,70.0,155.0,55.19,64.0,137.0,53.68,164.0,194.0,15.54,24.0,47.0,50.0,20.5,40.0,50.0,21.0,41.0,50.0,20.5,40.0,50.0,20.5,40.0,50.0
àEàAàRà,2023.0,3.39,2024.0,36.29,2018.17,44.53,2018.07,7.09,2013.88,1256.86,àEàaàràlàyà-àdàeàmàoàgàràaàpàhàiàcà àdàiàvàiàdàeànàdà,2021.74,82.61,0.73,4.64,2021.74,6476230.46,25881.12,113384.59,83.34,15.5,2022.0,13563.55,158.0,244.0,35.39,130.0,245.0,47.13,77.99,155.0,50.01,68.99,137.0,50.01,97.49,194.0,50.0,24.0,47.0,50.0,20.5,40.0,50.0,21.0,41.0,50.0,20.5,40.0,50.0,20.5,40.0,50.0
àEàAàSà,2023.0,3.51,2024.0,63.33,2019.0,32.35,2019.0,17.13,2013.0,780.12,àEàaàsàtà àAàsàiàaà à&à àPàaàcàiàfàiàcà,2021.74,82.61,0.73,4.64,2021.74,6476230.46,25881.12,113384.59,83.34,15.5,2022.0,13563.55,150.0,244.0,38.68,72.0,245.0,70.9,65.0,155.0,58.44,61.0,137.0,55.88,132.0,194.0,32.12,24.0,47.0,50.0,20.5,40.0,50.0,21.0,41.0,50.0,20.5,40.0,50.0,20.5,40.0,50.0
àEàCàAà,2023.0,3.71,2024.0,85.11,2019.0,16.46,2019.0,55.6,2017.0,1058.64,àEàuàràoàpàeà à&à àCàeànàtàràaàlà àAàsàiàaà à(àeàxàcàlàuàdàiànàgà àhàiàgàhà àiànàcàoàmàeà)à,2021.74,82.61,0.73,4.64,2021.74,6476230.46,25881.12,113384.59,83.34,15.5,2022.0,13563.55,138.0,244.0,43.62,21.0,245.0,91.8,48.0,155.0,69.48,41.0,137.0,70.59,101.0,194.0,48.19,24.0,47.0,50.0,20.5,40.0,50.0,21.0,41.0,50.0,20.5,40.0,50.0,20.5,40.0,50.0
àEàCàSà,2022.0,4.57,2024.0,84.89,2019.0,8.56,2019.0,65.11,2016.0,1774.82,àEàuàràoàpàeà à&à àCàeànàtàràaàlà àAàsàiàaà,2021.74,82.61,0.73,4.64,2021.74,6476230.46,25881.12,113384.59,83.34,15.5,2022.0,13563.55,86.0,244.0,65.02,22.0,245.0,91.39,28.0,155.0,82.47,28.0,137.0,80.15,48.0,194.0,75.65,24.0,47.0,50.0,20.5,40.0,50.0,21.0,41.0,50.0,20.5,40.0,50.0,20.5,40.0,50.0
àEàCàUà,2024.0,3.69,2023.0,67.89,2019.0,65.94,2019.0,-18.67,2015.0,2346.03,àEàcàuàaàdàoàrà,2021.74,82.61,0.73,4.64,2021.74,6476230.46,25881.12,113384.59,83.34,15.5,2022.0,13563.55,139.0,244.0,43.21,66.0,245.0,73.36,105.0,155.0,32.47,88.0,137.0,36.03,16.0,194.0,92.23,24.0,47.0,50.0,20.5,40.0,50.0,21.0,41.0,50.0,20.5,40.0,50.0,20.5,40.0,50.0
àEàGàYà,2008.0,3.76,2025.0,38.04,2021.0,56.12,2021.0,-21.0,2013.88,1256.86,"àEàgàyàpàtà,à àAàràaàbà àRàeàpà.à",2021.74,82.61,0.73,4.64,2021.74,6476230.46,25881.12,113384.59,83.34,15.5,2022.0,13563.55,134.0,244.0,45.27,125.0,245.0,49.18,98.0,155.0,37.01,91.0,137.0,33.82,97.49,194.0,50.0,24.0,47.0,50.0,20.5,40.0,50.0,21.0,41.0,50.0,20.5,40.0,50.0,20.5,40.0,50.0
àEàMàUà,2022.0,4.96,2024.0,81.89,2018.17,44.53,2018.07,7.09,2016.0,1992.9,àEàuàràoà àaàràeàaà,2021.74,82.61,0.73,4.64,2021.74,6476230.46,25881.12,113384.59,83.34,15.5,2022.0,13563.55,71.0,244.0,71.19,28.0,245.0,88.93,77.99,155.0,50.01,68.99,137.0,50.01,33.0,194.0,83.42,24.0,47.0,50.0,20.5,40.0,50.0,21.0,41.0,50.0,20.5,40.0,50.0,20.5,40.0,50.0
àEàRàIà,2006.0,2.13,2016.0,3.2,2018.17,44.53,2018.07,7.09,2004.0,1167.56,àEàràiàtàràeàaà,2021.74,82.61,0.73,4.64,2021.74,6476230.46,25881.12,113384.59,83.34,15.5,2022.0,13563.55,222.0,244.0,9.05,235.0,245.0,4.1,77.99,155.0,50.01,68.99,137.0,50.01,89.0,194.0,54.4,24.0,47.0,50.0,20.5,40.0,50.0,21.0,41.0,50.0,20.5,40.0,50.0,20.5,40.0,50.0
àEàSàPà,2022.0,4.59,2024.0,93.77,2021.0,7.3,2021.0,88.08,2016.0,1959.39,àSàpàaàiànà,2022.0,3.76,0.74,4.52,2022.0,79273.47,15627.72,95447.37,83.05,16.37,2022.0,13385.04,85.0,244.0,65.43,15.0,245.0,94.26,23.0,155.0,85.71,10.0,137.0,93.38,37.0,194.0,81.35,27.0,47.0,43.48,25.0,40.0,38.46,22.0,41.0,47.5,23.0,40.0,43.59,20.0,40.0,51.28
àEàSàTà,2022.0,5.21,2024.0,65.67,2018.17,44.53,2018.07,7.09,2016.0,2696.64,àEàsàtàoànàiàaà,2022.0,4.05,0.29,4.45,2022.0,2346.5,166.98,2580.91,90.92,6.47,2022.0,12362.03,57.0,244.0,76.95,69.0,245.0,72.13,77.99,155.0,50.01,68.99,137.0,50.01,13.0,194.0,93.78,21.0,47.0,56.52,7.0,40.0,84.62,9.0,41.0,80.0,8.0,40.0,82.05,25.0,40.0,38.46
àEàTàHà,2024.0,2.3,2014.0,5.92,2015.0,90.39,2018.07,7.09,2014.0,1575.87,àEàtàhàiàoàpàiàaà,2021.74,82.61,0.73,4.64,2021.74,6476230.46,25881.12,113384.59,83.34,15.5,2022.0,13563.55,216.0,244.0,11.52,225.0,245.0,8.2,142.0,155.0,8.44,68.99,137.0,50.01,63.0,194.0,67.88,24.0,47.0,50.0,20.5,40.0,50.0,21.0,41.0,50.0,20.5,40.0,50.0,20.5,40.0,50.0
àEàUàUà,2022.0,4.66,2024.0,79.5,2018.17,44.53,2018.07,7.09,2016.0,1855.08,àEàuàràoàpàeàaànà àUànàiàoànà,2021.74,82.61,0.73,4.64,2021.74,6476230.46,25881.12,113384.59,83.34,15.5,2022.0,13563.55,81.0,244.0,67.08,36.0,245.0,85.66,77.99,155.0,50.01,68.99,137.0,50.01,42.0,194.0,78.76,24.0,47.0,50.0,20.5,40.0,50.0,21.0,41.0,50.0,20.5,40.0,50.0,20.5,40.0,50.0
àFàCàSà,2021.0,3.14,2019.0,14.58,2019.0,90.33,2019.0,-75.76,2013.88,1256.86,àFàràaàgàiàlàeà àaànàdà àcàoànàfàlàiàcàtà àaàfàfàeàcàtàeàdà àsàiàtàuàaàtàiàoànàsà,2021.74,82.61,0.73,4.64,2021.74,6476230.46,25881.12,113384.59,83.34,15.5,2022.0,13563.55,184.0,244.0,24.69,183.0,245.0,25.41,141.0,155.0,9.09,123.0,137.0,10.29,97.49,194.0,50.0,24.0,47.0,50.0,20.5,40.0,50.0,21.0,41.0,50.0,20.5,40.0,50.0,20.5,40.0,50.0
àFàIàNà,2022.0,6.38,2024.0,110.3,2021.0,4.78,2021.0,96.09,2016.0,3031.08,àFàiànàlàaànàdà,2022.0,5.01,0.09,5.2,2022.0,15279.1,271.2,15839.79,96.46,1.71,2022.0,15000.49,23.0,244.0,90.95,6.0,245.0,97.95,14.0,155.0,91.56,4.0,137.0,97.79,7.0,194.0,96.89,7.0,47.0,86.96,2.0,40.0,97.44,1.0,41.0,100.0,2.0,40.0,97.44,16.0,40.0,61.54
àFàJàIà,2023.0,4.25,2024.0,75.01,2018.17,44.53,2018.07,7.09,2004.0,913.31,àFàiàjàià,2021.74,82.61,0.73,4.64,2021.74,6476230.46,25881.12,113384.59,83.34,15.5,2022.0,13563.55,108.0,244.0,55.97,53.0,245.0,78.69,77.99,155.0,50.01,68.99,137.0,50.01,115.0,194.0,40.93,24.0,47.0,50.0,20.5,40.0,50.0,21.0,41.0,50.0,20.5,40.0,50.0,20.5,40.0,50.0
àFàRàAà,2022.0,5.32,2024.0,71.53,2021.0,6.64,2021.0,63.3,2016.0,2047.01,àFàràaànàcàeà,2022.0,4.43,0.9,5.37,2022.0,162626.37,32979.24,196807.49,82.63,16.76,2022.0,15427.09,47.0,244.0,81.07,57.0,245.0,77.05,20.0,155.0,87.66,34.0,137.0,75.74,28.0,194.0,86.01,12.0,47.0,76.09,29.0,40.0,28.21,24.0,41.0,42.5,24.0,40.0,41.03,15.0,40.0,64.1
àFàSàMà,2020.0,11.56,2000.0,13.36,2018.17,44.53,2018.07,7.09,2013.88,1256.86,"àMàiàcàràoànàeàsàiàaà,à àFàeàdà.à àSàtàsà.à",2021.74,82.61,0.73,4.64,2021.74,6476230.46,25881.12,113384.59,83.34,15.5,2022.0,13563.55,4.0,244.0,98.77,187.0,245.0,23.77,77.99,155.0,50.01,68.99,137.0,50.01,97.49,194.0,50.0,24.0,47.0,50.0,20.5,40.0,50.0,21.0,41.0,50.0,20.5,40.0,50.0,20.5,40.0,50.0
àGàAàBà,2023.0,2.32,2003.0,7.66,2019.0,30.68,2018.07,7.09,2013.88,1256.86,àGàaàbàoànà,2021.74,82.61,0.73,4.64,2021.74,6476230.46,25881.12,113384.59,83.34,15.5,2022.0,13563.55,215.0,244.0,11.93,216.0,245.0,11.89,64.0,155.0,59.09,68.99,137.0,50.01,97.49,194.0,50.0,24.0,47.0,50.0,20.5,40.0,50.0,21.0,41.0,50.0,20.5,40.0,50.0,20.5,40.0,50.0
àGàBàRà,2021.0,5.91,2023.0,80.41,2021.0,3.39,2021.0,73.36,2016.0,2206.63,àUànàiàtàeàdà àKàiànàgàdàoàmà,2022.0,3.89,2.17,6.12,2022.0,145230.53,80847.16,228627.22,63.52,35.36,2022.0,19072.28,32.0,244.0,87.24,32.0,245.0,87.3,6.0,155.0,96.75,22.0,137.0,84.56,21.0,194.0,89.64,23.0,47.0,52.17,39.0,40.0,2.56,40.0,41.0,2.5,39.0,40.0,2.56,7.0,40.0,84.62
àGàEàOà,2024.0,3.98,2025.0,89.49,2021.0,13.53,2021.0,63.7,2017.0,636.68,àGàeàoàràgàiàaà,2021.74,82.61,0.73,4.64,2021.74,6476230.46,25881.12,113384.59,83.34,15.5,2022.0,13563.55,120.0,244.0,51.03,17.0,245.0,93.44,41.0,155.0,74.03,32.0,137.0,77.21,144.0,194.0,25.91,24.0,47.0,50.0,20.5,40.0,50.0,21.0,41.0,50.0,20.5,40.0,50.0,20.5,40.0,50.0
àGàHàAà,2022.0,2.91,2024.0,21.33,2018.17,44.53,2018.07,7.09,2014.0,837.64,àGàhàaànàaà,2021.74,82.61,0.73,4.64,2021.74,6476230.46,25881.12,113384.59,83.34,15.5,2022.0,13563.55,193.0,244.0,20.99,165.0,245.0,32.79,77.99,155.0,50.01,68.99,137.0,50.01,124.0,194.0,36.27,24.0,47.0,50.0,20.5,40.0,50.0,21.0,41.0,50.0,20.5,40.0,50.0,20.5,40.0,50.0
àGàIàNà,2023.0,1.72,2014.0,10.85,2019.0,82.67,2018.07,7.09,2014.0,973.39,àGàuàiànàeàaà,2021.74,82.61,0.73,4.64,2021.74,6476230.46,25881.12,113384.59,83.34,15.5,2022.0,13563.55,234.0,244.0,4.12,196.0,245.0,20.08,132.0,155.0,14.94,68.99,137.0,50.01,106.0,194.0,45.6,24.0,47.0,50.0,20.5,40.0,50.0,21.0,41.0,50.0,20.5,40.0,50.0,20.5,40.0,50.0
àGàMàBà,2023.0,2.81,2024.0,13.48,2018.17,44.53,2018.07,7.09,2012.0,135.8,"àGàaàmàbàiàaà,à àTàhàeà",2021.74,82.61,0.73,4.64,2021.74,6476230.46,25881.12,113384.59,83.34,15.5,2022.0,13563.55,204.0,244.0,16.46,186.0,245.0,24.18,77.99,155.0,50.01,68.99,137.0,50.01,191.0,194.0,1.55,24.0,47.0,50.0,20.5,40.0,50.0,21.0,41.0,50.0,20.5,40.0,50.0,20.5,40.0,50.0
àGàNàBà,2013.0,2.01,2006.0,2.62,2018.17,44.53,2018.07,7.09,2013.88,1256.86,àGàuàiànàeàaà-àBàiàsàsàaàuà,2021.74,82.61,0.73,4.64,2021.74,6476230.46,25881.12,113384.59,83.34,15.5,2022.0,13563.55,225.0,244.0,7.82,238.0,245.0,2.87,77.99,155.0,50.01,68.99,137.0,50.01,97.49,194.0,50.0,24.0,47.0,50.0,20.5,40.0,50.0,21.0,41.0,50.0,20.5,40.0,50.0,20.5,40.0,50.0
àGàNàQà,1998.0,2.19,2000.0,1.84,2018.17,44.53,2018.07,7.09,2013.88,1256.86,àEàqàuàaàtàoàràiàaàlà àGàuàiànàeàaà,2021.74,82.61,0.73,4.64,2021.74,6476230.46,25881.12,113384.59,83.34,15.5,2022.0,13563.55,220.0,244.0,9.88,243.0,245.0,0.82,77.99,155.0,50.01,68.99,137.0,50.01,97.49,194.0,50.0,24.0,47.0,50.0,20.5,40.0,50.0,21.0,41.0,50.0,20.5,40.0,50.0,20.5,40.0,50.0
àGàRàCà,2022.0,3.38,2023.0,165.11,2001.0,7.69,2001.0,52.24,2005.0,2196.64,àGàràeàeàcàeà,2022.0,3.09,0.46,3.89,2022.0,11216.61,1656.92,14131.58,79.37,11.72,2022.0,7136.9,159.0,244.0,34.98,1.0,245.0,100.0,24.0,155.0,85.06,42.0,137.0,69.85,22.0,194.0,89.12,38.0,47.0,19.57,15.0,40.0,64.1,29.0,41.0,30.0,13.0,40.0,69.23,35.0,40.0,12.82
àGàRàDà,2023.0,5.13,2018.0,99.99,2018.17,44.53,2018.07,7.09,2017.0,513.14,àGàràeànàaàdàaà,2021.74,82.61,0.73,4.64,2021.74,6476230.46,25881.12,113384.59,83.34,15.5,2022.0,13563.55,63.0,244.0,74.49,11.0,245.0,95.9,77.99,155.0,50.01,68.99,137.0,50.01,160.0,194.0,17.62,24.0,47.0,50.0,20.5,40.0,50.0,21.0,41.0,50.0,20.5,40.0,50.0,20.5,40.0,50.0
àGàTàMà,2024.0,3.08,2023.0,27.29,2019.0,78.52,2019.0,-55.96,2015.0,396.54,àGàuàaàtàeàmàaàlàaà,2021.74,82.61,0.73,4.64,2021.74,6476230.46,25881.12,113384.59,83.34,15.5,2022.0,13563.55,188.0,244.0,23.05,145.0,245.0,40.98,120.0,155.0,22.73,107.0,137.0,22.06,170.0,194.0,12.44,24.0,47.0,50.0,20.5,40.0,50.0,21.0,41.0,50.0,20.5,40.0,50.0,20.5,40.0,50.0
àGàUàYà,2018.0,4.45,2024.0,26.43,2018.17,44.53,2018.07,7.09,2012.0,160.79,àGàuàyàaànàaà,2021.74,82.61,0.73,4.64,2021.74,6476230.46,25881.12,113384.59,83.34,15.5,2022.0,13563.55,93.0,244.0,62.14,147.0,245.0,40.16,77.99,155.0,50.01,68.99,137.0,50.01,190.0,194.0,2.07,24.0,47.0,50.0,20.5,40.0,50.0,21.0,41.0,50.0,20.5,40.0,50.0,20.5,40.0,50.0
àHàKàGà,2024.0,3.81,2024.0,120.09,2021.0,5.39,2021.0,91.99,2018.0,1893.8,"àHàoànàgà àKàoànàgà àSàAàRà,à àCàhàiànàaà",2021.74,82.61,0.73,4.64,2021.74,6476230.46,25881.12,113384.59,83.34,15.5,2022.0,13563.55,129.0,244.0,47.33,4.0,245.0,98.77,17.0,155.0,89.61,6.0,137.0,96.32,40.0,194.0,79.79,24.0,47.0,50.0,20.5,40.0,50.0,21.0,41.0,50.0,20.5,40.0,50.0,20.5,40.0,50.0
àHàNàDà,2023.0,4.55,2024.0,23.32,2019.0,79.29,2019.0,-53.97,2015.0,831.64,àHàoànàdàuàràaàsà,2021.74,82.61,0.73,4.64,2021.74,6476230.46,25881.12,113384.59,83.34,15.5,2022.0,13563.55,88.0,244.0,64.2,157.0,245.0,36.07,123.0,155.0,20.78,106.0,137.0,22.79,125.0,194.0,35.75,24.0,47.0,50.0,20.5,40.0,50.0,21.0,41.0,50.0,20.5,40.0,50.0,20.5,40.0,50.0
àHàPàCà,2023.0,3.24,2021.0,9.09,2018.17,44.53,2018.07,7.09,2012.0,797.08,àHàeàaàvàiàlàyà àiànàdàeàbàtàeàdà àpàoàoàrà àcàoàuànàtàràiàeàsà à(àHàIàPàCà)à,2021.74,82.61,0.73,4.64,2021.74,6476230.46,25881.12,113384.59,83.34,15.5,2022.0,13563.55,170.0,244.0,30.45,211.0,245.0,13.93,77.99,155.0,50.01,68.99,137.0,50.01,131.0,194.0,32.64,24.0,47.0,50.0,20.5,40.0,50.0,21.0,41.0,50.0,20.5,40.0,50.0,20.5,40.0,50.0
àHàRàVà,2021.0,4.09,2023.0,81.18,2021.0,3.89,2021.0,74.12,2013.0,1717.55,àCàràoàaàtàiàaà,2022.0,3.03,0.4,3.43,2022.0,4522.99,604.39,5127.38,88.21,11.79,2022.0,9033.18,113.0,244.0,53.91,29.0,245.0,88.52,9.0,155.0,94.81,21.0,137.0,85.29,51.0,194.0,74.09,39.0,47.0,17.39,10.0,40.0,76.92,12.0,41.0,72.5,14.0,40.0,66.67,31.0,40.0,23.08
àHàTàIà,2023.0,0.96,1986.0,1.05,2018.17,44.53,2018.07,7.09,2013.88,1256.86,àHàaàiàtàià,2021.74,82.61,0.73,4.64,2021.74,6476230.46,25881.12,113384.59,83.34,15.5,2022.0,13563.55,240.0,244.0,1.65,245.0,245.0,0.0,77.99,155.0,50.01,68.99,137.0,50.01,97.49,194.0,50.0,24.0,47.0,50.0,20.5,40.0,50.0,21.0,41.0,50.0,20.5,40.0,50.0,20.5,40.0,50.0
àHàUàNà,2022.0,3.8,2024.0,60.52,2021.0,9.16,2021.0,49.5,2016.0,1289.15,àHàuànàgàaàràyà,2022.0,2.69,0.71,3.42,2022.0,10344.24,2733.09,13125.94,78.81,20.82,2022.0,10096.93,130.0,244.0,46.91,75.0,245.0,69.67,31.0,155.0,80.52,45.0,137.0,67.65,81.0,194.0,58.55,45.0,47.0,4.35,24.0,40.0,41.03,32.0,41.0,22.5,31.0,40.0,23.08,29.0,40.0,28.21
àIàBàDà,2023.0,3.66,2024.0,52.83,2019.0,44.05,2019.0,-0.14,2013.0,670.94,àIàBàRàDà àoànàlàyà,2021.74,82.61,0.73,4.64,2021.74,6476230.46,25881.12,113384.59,83.34,15.5,2022.0,13563.55,142.0,244.0,41.98,98.0,245.0,60.25,80.0,155.0,48.7,79.0,137.0,42.65,142.0,194.0,26.94,24.0,47.0,50.0,20.5,40.0,50.0,21.0,41.0,50.0,20.5,40.0,50.0,20.5,40.0,50.0
àIàBàTà,2023.0,3.51,2024.0,39.35,2019.0,53.63,2019.0,-19.88,2013.88,1256.86,àIàDàAà à&à àIàBàRàDà àtàoàtàaàlà,2021.74,82.61,0.73,4.64,2021.74,6476230.46,25881.12,113384.59,83.34,15.5,2022.0,13563.55,150.0,244.0,38.68,121.0,245.0,50.82,93.0,155.0,40.26,89.0,137.0,35.29,97.49,194.0,50.0,24.0,47.0,50.0,20.5,40.0,50.0,21.0,41.0,50.0,20.5,40.0,50.0,20.5,40.0,50.0
àIàDàAà,2023.0,3.23,2024.0,12.72,2019.0,81.03,2019.0,-69.34,2010.0,802.15,àIàDàAà àtàoàtàaàlà,2021.74,82.61,0.73,4.64,2021.74,6476230.46,25881.12,113384.59,83.34,15.5,2022.0,13563.55,176.0,244.0,27.98,191.0,245.0,22.13,127.0,155.0,18.18,117.0,137.0,14.71,128.0,194.0,34.2,24.0,47.0,50.0,20.5,40.0,50.0,21.0,41.0,50.0,20.5,40.0,50.0,20.5,40.0,50.0
àIàDàBà,2023.0,3.34,2024.0,12.5,2019.0,76.88,2019.0,-66.11,2013.88,1256.86,àIàDàAà àbàlàeànàdà,2021.74,82.61,0.73,4.64,2021.74,6476230.46,25881.12,113384.59,83.34,15.5,2022.0,13563.55,160.0,244.0,34.57,192.0,245.0,21.72,116.0,155.0,25.32,113.0,137.0,17.65,97.49,194.0,50.0,24.0,47.0,50.0,20.5,40.0,50.0,21.0,41.0,50.0,20.5,40.0,50.0,20.5,40.0,50.0
àIàDàNà,2023.0,1.28,2023.0,44.88,2015.0,52.82,2015.0,-20.36,2015.0,674.17,àIànàdàoànàeàsàiàaà,2015.0,3.01,0.73,4.64,2015.0,81176.4,25881.12,113384.59,83.34,15.5,2022.0,13563.55,237.0,244.0,2.88,110.0,245.0,55.33,91.0,155.0,41.56,90.0,137.0,34.56,141.0,194.0,27.46,40.0,47.0,15.22,20.5,40.0,50.0,21.0,41.0,50.0,20.5,40.0,50.0,20.5,40.0,50.0
àIàDàXà,2023.0,3.22,2024.0,12.81,2019.0,82.42,2019.0,-70.27,2012.0,902.51,àIàDàAà àoànàlàyà,2021.74,82.61,0.73,4.64,2021.74,6476230.46,25881.12,113384.59,83.34,15.5,2022.0,13563.55,178.0,244.0,27.16,190.0,245.0,22.54,131.0,155.0,15.58,120.0,137.0,12.5,117.0,194.0,39.9,24.0,47.0,50.0,20.5,40.0,50.0,21.0,41.0,50.0,20.5,40.0,50.0,20.5,40.0,50.0
àIàNàDà,2022.0,4.1,2025.0,34.45,2017.0,56.07,2017.0,-28.16,2013.0,1201.79,àIànàdàiàaà,2015.0,3704.03,0.73,4.64,2015.0,300467408.3,25881.12,113384.59,83.34,15.5,2022.0,13563.55,112.0,244.0,54.32,134.0,245.0,45.49,97.0,155.0,37.66,96.0,137.0,30.15,85.0,194.0,56.48,1.0,47.0,100.0,20.5,40.0,50.0,21.0,41.0,50.0,20.5,40.0,50.0,20.5,40.0,50.0
àIàRàLà,2021.0,2.9,2022.0,77.59,2021.0,2.33,2021.0,76.13,2016.0,1205.47,àIàràeàlàaànàdà,2022.0,2.27,0.55,2.83,2022.0,14113.41,3402.05,17641.06,80.0,19.28,2022.0,15915.37,194.0,244.0,20.58,44.0,245.0,82.38,1.0,155.0,100.0,17.0,137.0,88.24,84.0,194.0,56.99,47.0,47.0,0.0,21.0,40.0,48.72,28.0,41.0,32.5,28.0,40.0,30.77,14.0,40.0,66.67
àIàRàNà,2023.0,2.82,2022.0,58.68,2021.0,41.54,2021.0,12.77,2017.0,1602.83,"àIàràaànà,à àIàsàlàaàmàiàcà àRàeàpà.à",2021.74,82.61,0.73,4.64,2021.74,6476230.46,25881.12,113384.59,83.34,15.5,2022.0,13563.55,203.0,244.0,16.87,81.0,245.0,67.21,77.0,155.0,50.65,62.0,137.0,55.15,60.0,194.0,69.43,24.0,47.0,50.0,20.5,40.0,50.0,21.0,41.0,50.0,20.5,40.0,50.0,20.5,40.0,50.0
àIàRàQà,1989.0,3.55,2005.0,15.56,2018.17,44.53,2018.07,7.09,2013.88,1256.86,àIàràaàqà,2021.74,82.61,0.73,4.64,2021.74,6476230.46,25881.12,113384.59,83.34,15.5,2022.0,13563.55,147.0,244.0,39.92,177.0,245.0,27.87,77.99,155.0,50.01,68.99,137.0,50.01,97.49,194.0,50.0,24.0,47.0,50.0,20.5,40.0,50.0,21.0,41.0,50.0,20.5,40.0,50.0,20.5,40.0,50.0
àIàSàLà,2022.0,7.31,2023.0,76.52,2006.0,9.32,2006.0,63.64,2016.0,2040.42,àIàcàeàlàaànàdà,2022.0,5.32,0.21,5.58,2022.0,1247.94,49.23,1307.79,95.42,3.76,2022.0,18707.1,15.0,244.0,94.24,49.0,245.0,80.33,32.0,155.0,79.87,33.0,137.0,76.47,30.0,194.0,84.97,4.0,47.0,93.48,5.0,40.0,89.74,2.0,41.0,97.5,5.0,40.0,89.74,10.0,40.0,76.92
àIàSàRà,2022.0,5.93,2024.0,56.26,2021.0,14.4,2021.0,45.86,2016.0,1117.11,àIàsàràaàeàlà,2022.0,4.94,1.15,6.09,2022.0,21661.05,5055.05,26716.1,81.08,18.92,2022.0,12876.94,31.0,244.0,87.65,87.0,245.0,64.75,43.0,155.0,72.73,49.0,137.0,64.71,96.0,194.0,50.78,8.0,47.0,84.78,34.0,40.0,15.38,26.0,41.0,37.5,27.0,40.0,33.33,22.0,40.0,46.15
àIàTàAà,2022.0,4.07,2023.0,75.95,2021.0,5.5,2021.0,65.78,2016.0,1492.62,àIàtàaàlàyà,2022.0,3.33,0.49,3.87,2022.0,100290.65,14807.54,116740.98,85.91,12.68,2022.0,13750.41,116.0,244.0,52.67,51.0,245.0,79.51,18.0,155.0,88.96,27.0,137.0,80.88,68.0,194.0,65.28,32.0,47.0,32.61,16.0,40.0,61.54,18.0,41.0,57.5,19.0,40.0,53.85,19.0,40.0,53.85
àJàAàMà,2024.0,5.51,2015.0,26.23,2018.17,44.53,2018.07,7.09,2015.0,959.89,àJàaàmàaàiàcàaà,2021.74,82.61,0.73,4.64,2021.74,6476230.46,25881.12,113384.59,83.34,15.5,2022.0,13563.55,36.0,244.0,85.6,148.0,245.0,39.75,77.99,155.0,50.01,68.99,137.0,50.01,108.0,194.0,44.56,24.0,47.0,50.0,20.5,40.0,50.0,21.0,41.0,50.0,20.5,40.0,50.0,20.5,40.0,50.0
àJàOàRà,2024.0,3.23,2024.0,35.92,2021.0,62.25,2021.0,-31.79,2018.0,799.21,àJàoàràdàaànà,2021.74,82.61,0.73,4.64,2021.74,6476230.46,25881.12,113384.59,83.34,15.5,2022.0,13563.55,175.0,244.0,28.4,131.0,245.0,46.72,102.0,155.0,34.42,99.0,137.0,27.94,130.0,194.0,33.16,24.0,47.0,50.0,20.5,40.0,50.0,21.0,41.0,50.0,20.5,40.0,50.0,20.5,40.0,50.0
àJàPàNà,2021.0,3.34,2023.0,64.49,2019.0,3.6,2019.0,58.81,2016.0,1288.01,àJàaàpàaànà,2022.0,2.86,1.04,3.9,2022.0,161025.13,58703.32,219728.45,73.28,26.72,2022.0,14129.65,162.0,244.0,33.74,70.0,245.0,71.72,7.0,155.0,96.1,39.0,137.0,72.06,82.0,194.0,58.03,43.0,47.0,8.7,31.0,40.0,23.08,36.0,41.0,12.5,35.0,40.0,12.82,18.0,40.0,56.41
àKàAàZà,2023.0,4.86,2025.0,52.86,2021.0,10.41,2021.0,48.97,2018.0,387.81,àKàaàzàaàkàhàsàtàaànà,2021.74,82.61,0.73,4.64,2021.74,6476230.46,25881.12,113384.59,83.34,15.5,2022.0,13563.55,73.0,244.0,70.37,97.0,245.0,60.66,38.0,155.0,75.97,46.0,137.0,66.91,171.0,194.0,11.92,24.0,47.0,50.0,20.5,40.0,50.0,21.0,41.0,50.0,20.5,40.0,50.0,20.5,40.0,50.0
àKàEàNà,2024.0,4.02,2024.0,10.42,2023.0,79.29,2023.0,-70.61,2015.0,707.16,àKàeànàyàaà,2021.74,82.61,0.73,4.64,2021.74,6476230.46,25881.12,113384.59,83.34,15.5,2022.0,13563.55,119.0,244.0,51.44,199.0,245.0,18.85,122.0,155.0,21.43,121.0,137.0,11.76,137.0,194.0,29.53,24.0,47.0,50.0,20.5,40.0,50.0,21.0,41.0,50.0,20.5,40.0,50.0,20.5,40.0,50.0
àKàGàZà,2023.0,6.83,2025.0,53.88,2014.0,64.49,2014.0,-18.13,2017.0,203.63,àKàyàràgàyàzà àRàeàpàuàbàlàiàcà,2021.74,82.61,0.73,4.64,2021.74,6476230.46,25881.12,113384.59,83.34,15.5,2022.0,13563.55,17.0,244.0,93.42,95.0,245.0,61.48,103.0,155.0,33.77,87.0,137.0,36.76,189.0,194.0,2.59,24.0,47.0,50.0,20.5,40.0,50.0,21.0,41.0,50.0,20.5,40.0,50.0,20.5,40.0,50.0
àKàHàMà,2023.0,2.18,2024.0,21.44,2019.0,90.0,2019.0,-77.06,2011.0,60.38,àCàaàmàbàoàdàiàaà,2021.74,82.61,0.73,4.64,2021.74,6476230.46,25881.12,113384.59,83.34,15.5,2022.0,13563.55,221.0,244.0,9.47,163.0,245.0,33.61,139.0,155.0,10.39,125.0,137.0,8.82,192.0,194.0,1.04,24.0,47.0,50.0,20.5,40.0,50.0,21.0,41.0,50.0,20.5,40.0,50.0,20.5,40.0,50.0
àKàIàRà,2023.0,16.39,2024.0,4.96,2018.17,44.53,2018.07,7.09,2013.88,1256.86,àKàiàràiàbàaàtàià,2021.74,82.61,0.73,4.64,2021.74,6476230.46,25881.12,113384.59,83.34,15.5,2022.0,13563.55,1.0,244.0,100.0,228.0,245.0,6.97,77.99,155.0,50.01,68.99,137.0,50.01,97.49,194.0,50.0,24.0,47.0,50.0,20.5,40.0,50.0,21.0,41.0,50.0,20.5,40.0,50.0,20.5,40.0,50.0
àKàNàAà,2023.0,3.5,2015.0,93.92,2018.17,44.53,2018.07,7.09,2015.0,548.66,àSàtà.à àKàiàtàtàsà àaànàdà àNàeàvàiàsà,2021.74,82.61,0.73,4.64,2021.74,6476230.46,25881.12,113384.59,83.34,15.5,2022.0,13563.55,155.0,244.0,36.63,14.0,245.0,94.67,77.99,155.0,50.01,68.99,137.0,50.01,153.0,194.0,21.24,24.0,47.0,50.0,20.5,40.0,50.0,21.0,41.0,50.0,20.5,40.0,50.0,20.5,40.0,50.0
àKàOàRà,2022.0,5.41,2024.0,111.85,2019.0,3.23,2019.0,90.77,2016.0,1407.09,"àKàoàràeàaà,à àRàeàpà.à",2022.0,4.65,0.98,5.63,2022.0,124085.17,26104.93,150190.1,82.62,17.38,2022.0,19805.12,44.0,244.0,82.3,5.0,245.0,98.36,3.0,155.0,98.7,8.0,137.0,94.85,73.0,194.0,62.69,11.0,47.0,78.26,30.0,40.0,25.64,25.0,41.0,40.0,26.0,40.0,35.9,4.0,40.0,92.31
àKàWàTà,2024.0,6.44,2021.0,51.9,2016.0,51.08,2016.0,8.14,2004.0,2255.07,àKàuàwàaàiàtà,2021.74,82.61,0.73,4.64,2021.74,6476230.46,25881.12,113384.59,83.34,15.5,2022.0,13563.55,22.0,244.0,91.36,100.0,245.0,59.43,86.0,155.0,44.81,68.0,137.0,50.74,19.0,194.0,90.67,24.0,47.0,50.0,20.5,40.0,50.0,21.0,41.0,50.0,20.5,40.0,50.0,20.5,40.0,50.0
àLàAàCà,2023.0,3.79,2024.0,56.66,2019.0,53.01,2019.0,-1.97,2015.0,1503.33,àLàaàtàiànà àAàmàeàràiàcàaà à&à àCàaàràiàbàbàeàaànà à(àeàxàcàlàuàdàiànàgà àhàiàgàhà àiànàcàoàmàeà)à,2021.74,82.61,0.73,4.64,2021.74,6476230.46,25881.12,113384.59,83.34,15.5,2022.0,13563.55,131.0,244.0,46.5,86.0,245.0,65.16,92.0,155.0,40.91,81.0,137.0,41.18,67.0,194.0,65.8,24.0,47.0,50.0,20.5,40.0,50.0,21.0,41.0,50.0,20.5,40.0,50.0,20.5,40.0,50.0
àLàAàOà,2023.0,1.23,2023.0,14.88,2019.0,97.72,2019.0,-83.98,2014.0,376.28,àLàaàoà àPàDàRà,2021.74,82.61,0.73,4.64,2021.74,6476230.46,25881.12,113384.59,83.34,15.5,2022.0,13563.55,238.0,244.0,2.47,181.0,245.0,26.23,154.0,155.0,0.65,130.0,137.0,5.15,174.0,194.0,10.36,24.0,47.0,50.0,20.5,40.0,50.0,21.0,41.0,50.0,20.5,40.0,50.0,20.5,40.0,50.0
àLàBàNà,2024.0,1.22,2023.0,54.4,2018.17,44.53,2018.07,7.09,2013.0,941.05,àLàeàbàaànàoànà,2021.74,82.61,0.73,4.64,2021.74,6476230.46,25881.12,113384.59,83.34,15.5,2022.0,13563.55,239.0,244.0,2.06,94.0,245.0,61.89,77.99,155.0,50.01,68.99,137.0,50.01,112.0,194.0,42.49,24.0,47.0,50.0,20.5,40.0,50.0,21.0,41.0,50.0,20.5,40.0,50.0,20.5,40.0,50.0
àLàBàRà,2023.0,2.27,2012.0,10.84,2018.17,44.53,2018.07,7.09,2012.0,556.58,àLàiàbàeàràiàaà,2021.74,82.61,0.73,4.64,2021.74,6476230.46,25881.12,113384.59,83.34,15.5,2022.0,13563.55,217.0,244.0,11.11,198.0,245.0,19.26,77.99,155.0,50.01,68.99,137.0,50.01,151.0,194.0,22.28,24.0,47.0,50.0,20.5,40.0,50.0,21.0,41.0,50.0,20.5,40.0,50.0,20.5,40.0,50.0
àLàBàYà,1999.0,2.26,2003.0,58.54,2018.17,44.53,2018.07,7.09,1999.0,1028.3,àLàiàbàyàaà,2021.74,82.61,0.73,4.64,2021.74,6476230.46,25881.12,113384.59,83.34,15.5,2022.0,13563.55,218.0,244.0,10.7,82.0,245.0,66.8,77.99,155.0,50.01,68.99,137.0,50.01,103.0,194.0,47.15,24.0,47.0,50.0,20.5,40.0,50.0,21.0,41.0,50.0,20.5,40.0,50.0,20.5,40.0,50.0
àLàCàAà,2024.0,3.85,2023.0,15.04,2018.17,44.53,2018.07,7.09,2018.0,0.0,àSàtà.à àLàuàcàiàaà,2021.74,82.61,0.73,4.64,2021.74,6476230.46,25881.12,113384.59,83.34,15.5,2022.0,13563.55,127.0,244.0,48.15,179.0,245.0,27.05,77.99,155.0,50.01,68.99,137.0,50.01,194.0,194.0,0.0,24.0,47.0,50.0,20.5,40.0,50.0,21.0,41.0,50.0,20.5,40.0,50.0,20.5,40.0,50.0
àLàCàNà,2023.0,3.82,2024.0,58.9,2019.0,52.25,2019.0,1.11,2013.0,1416.02,àLàaàtàiànà àAàmàeàràiàcàaà à&à àCàaàràiàbàbàeàaànà,2021.74,82.61,0.73,4.64,2021.74,6476230.46,25881.12,113384.59,83.34,15.5,2022.0,13563.55,128.0,244.0,47.74,80.0,245.0,67.62,89.0,155.0,42.86,77.0,137.0,44.12,71.0,194.0,63.73,24.0,47.0,50.0,20.5,40.0,50.0,21.0,41.0,50.0,20.5,40.0,50.0,20.5,40.0,50.0
àLàDàCà,2023.0,3.2,2024.0,11.05,2019.0,84.0,2019.0,-73.31,2011.0,848.71,àLàeàaàsàtà àdàeàvàeàlàoàpàeàdà àcàoàuànàtàràiàeàsà:à àUàNà àcàlàaàsàsàiàfàiàcàaàtàiàoànà,2021.74,82.61,0.73,4.64,2021.74,6476230.46,25881.12,113384.59,83.34,15.5,2022.0,13563.55,180.0,244.0,26.34,194.0,245.0,20.9,133.0,155.0,14.29,122.0,137.0,11.03,123.0,194.0,36.79,24.0,47.0,50.0,20.5,40.0,50.0,21.0,41.0,50.0,20.5,40.0,50.0,20.5,40.0,50.0
àLàIàEà,2011.0,2.56,2021.0,46.02,2018.17,44.53,2018.07,7.09,2007.0,288.8,àLàiàeàcàhàtàeànàsàtàeàiànà,2021.74,82.61,0.73,4.64,2021.74,6476230.46,25881.12,113384.59,83.34,15.5,2022.0,13563.55,209.0,244.0,14.4,107.0,245.0,56.56,77.99,155.0,50.01,68.99,137.0,50.01,183.0,194.0,5.7,24.0,47.0,50.0,20.5,40.0,50.0,21.0,41.0,50.0,20.5,40.0,50.0,20.5,40.0,50.0
àLàKàAà,2023.0,1.83,2023.0,20.74,2015.0,14.81,2015.0,3.37,2018.0,564.48,àSàràià àLàaànàkàaà,2021.74,82.61,0.73,4.64,2021.74,6476230.46,25881.12,113384.59,83.34,15.5,2022.0,13563.55,232.0,244.0,4.94,167.0,245.0,31.97,44.0,155.0,72.08,73.0,137.0,47.06,149.0,194.0,23.32,24.0,47.0,50.0,20.5,40.0,50.0,21.0,41.0,50.0,20.5,40.0,50.0,20.5,40.0,50.0
àLàMàYà,2023.0,3.51,2024.0,38.79,2019.0,57.21,2019.0,-24.03,2013.88,1256.86,àLàoàwà à&à àmàiàdàdàlàeà àiànàcàoàmàeà,2021.74,82.61,0.73,4.64,2021.74,6476230.46,25881.12,113384.59,83.34,15.5,2022.0,13563.55,150.0,244.0,38.68,122.0,245.0,50.41,99.0,155.0,36.36,92.0,137.0,33.09,97.49,194.0,50.0,24.0,47.0,50.0,20.5,40.0,50.0,21.0,41.0,50.0,20.5,40.0,50.0,20.5,40.0,50.0
àLàSàOà,2024.0,6.62,2018.0,9.94,2016.0,96.9,2018.07,7.09,2018.0,444.19,àLàeàsàoàtàhàoà,2021.74,82.61,0.73,4.64,2021.74,6476230.46,25881.12,113384.59,83.34,15.5,2022.0,13563.55,19.0,244.0,92.59,205.0,245.0,16.39,153.0,155.0,1.3,68.99,137.0,50.01,166.0,194.0,14.51,24.0,47.0,50.0,20.5,40.0,50.0,21.0,41.0,50.0,20.5,40.0,50.0,20.5,40.0,50.0
àLàTàEà,2023.0,4.03,2024.0,69.36,2018.17,44.53,2018.07,7.09,2016.0,1154.58,àLàaàtàeà-àdàeàmàoàgàràaàpàhàiàcà àdàiàvàiàdàeànàdà,2021.74,82.61,0.73,4.64,2021.74,6476230.46,25881.12,113384.59,83.34,15.5,2022.0,13563.55,118.0,244.0,51.85,63.0,245.0,74.59,77.99,155.0,50.01,68.99,137.0,50.01,90.0,194.0,53.89,24.0,47.0,50.0,20.5,40.0,50.0,21.0,41.0,50.0,20.5,40.0,50.0,20.5,40.0,50.0
àLàTàUà,2022.0,4.25,2024.0,75.62,2021.0,3.28,2021.0,71.76,2016.0,1333.0,àLàiàtàhàuàaànàiàaà,2022.0,3.16,0.45,3.67,2022.0,4001.08,573.95,4637.93,86.27,12.38,2022.0,11312.9,106.0,244.0,56.79,52.0,245.0,79.1,4.0,155.0,98.05,23.0,137.0,83.82,79.0,194.0,59.59,35.0,47.0,26.09,14.0,40.0,66.67,17.0,41.0,60.0,16.0,40.0,61.54,27.0,40.0,33.33
àLàUàXà,2022.0,3.74,2024.0,22.41,2006.0,2.95,2006.0,6.9,2015.0,867.54,àLàuàxàeàmàbàoàuàràgà,2022.0,3.13,0.1,3.34,2022.0,2621.33,84.36,2790.76,93.93,3.02,2022.0,31439.29,137.0,244.0,44.03,162.0,245.0,34.02,2.0,155.0,99.35,70.0,137.0,49.26,121.0,194.0,37.82,36.0,47.0,23.91,3.0,40.0,94.87,6.0,41.0,87.5,3.0,40.0,94.87,1.0,40.0,100.0
àLàVàAà,2022.0,4.32,2024.0,82.92,2021.0,8.44,2021.0,85.05,2016.0,1429.08,àLàaàtàvàiàaà,2022.0,3.12,0.54,3.77,2022.0,2114.41,367.7,2557.02,82.69,14.38,2022.0,9204.39,100.0,244.0,59.26,26.0,245.0,89.75,26.0,155.0,83.77,11.0,137.0,92.65,70.0,194.0,64.25,37.0,47.0,21.74,19.0,40.0,53.85,23.0,41.0,45.0,21.0,40.0,48.72,30.0,40.0,25.64
àMàAàCà,2023.0,3.5,2024.0,141.86,2021.0,7.19,2021.0,91.78,2017.0,1548.45,"àMàaàcàaàoà àSàAàRà,à àCàhàiànàaà",2021.74,82.61,0.73,4.64,2021.74,6476230.46,25881.12,113384.59,83.34,15.5,2022.0,13563.55,154.0,244.0,37.04,2.0,245.0,99.59,21.0,155.0,87.01,7.0,137.0,95.59,64.0,194.0,67.36,24.0,47.0,50.0,20.5,40.0,50.0,21.0,41.0,50.0,20.5,40.0,50.0,20.5,40.0,50.0
àMàAàRà,2023.0,6.02,2024.0,48.18,2021.0,59.76,2021.0,-17.23,2009.0,1075.32,àMàoàràoàcàcàoà,2021.74,82.61,0.73,4.64,2021.74,6476230.46,25881.12,113384.59,83.34,15.5,2022.0,13563.55,29.0,244.0,88.48,105.0,245.0,57.38,101.0,155.0,35.06,86.0,137.0,37.5,98.0,194.0,49.74,24.0,47.0,50.0,20.5,40.0,50.0,21.0,41.0,50.0,20.5,40.0,50.0,20.5,40.0,50.0
àMàCàOà,2023.0,1.73,2024.0,77.48,2018.17,44.53,2018.07,7.09,2013.88,1256.86,àMàoànàaàcàoà,2021.74,82.61,0.73,4.64,2021.74,6476230.46,25881.12,113384.59,83.34,15.5,2022.0,13563.55,233.0,244.0,4.53,45.0,245.0,81.97,77.99,155.0,50.01,68.99,137.0,50.01,97.49,194.0,50.0,24.0,47.0,50.0,20.5,40.0,50.0,21.0,41.0,50.0,20.5,40.0,50.0,20.5,40.0,50.0
àMàDàAà,2023.0,6.56,2024.0,74.71,2006.0,11.01,2018.07,7.09,2018.0,1408.03,àMàoàlàdàoàvàaà,2021.74,82.61,0.73,4.64,2021.74,6476230.46,25881.12,113384.59,83.34,15.5,2022.0,13563.55,20.0,244.0,92.18,54.0,245.0,78.28,40.0,155.0,74.68,68.99,137.0,50.01,72.0,194.0,63.21,24.0,47.0,50.0,20.5,40.0,50.0,21.0,41.0,50.0,20.5,40.0,50.0,20.5,40.0,50.0
àMàDàGà,2023.0,3.05,2023.0,6.15,2019.0,95.24,2019.0,-89.96,2016.0,0.18,àMàaàdàaàgàaàsàcàaàrà,2021.74,82.61,0.73,4.64,2021.74,6476230.46,25881.12,113384.59,83.34,15.5,2022.0,13563.55,189.0,244.0,22.63,223.0,245.0,9.02,150.0,155.0,3.25,135.0,137.0,1.47,193.0,194.0,0.52,24.0,47.0,50.0,20.5,40.0,50.0,21.0,41.0,50.0,20.5,40.0,50.0,20.5,40.0,50.0
àMàDàVà,2023.0,5.17,2022.0,48.5,2018.17,44.53,2018.07,7.09,2014.0,436.13,àMàaàlàdàiàvàeàsà,2021.74,82.61,0.73,4.64,2021.74,6476230.46,25881.12,113384.59,83.34,15.5,2022.0,13563.55,59.0,244.0,76.13,103.0,245.0,58.2,77.99,155.0,50.01,68.99,137.0,50.01,167.0,194.0,13.99,24.0,47.0,50.0,20.5,40.0,50.0,21.0,41.0,50.0,20.5,40.0,50.0,20.5,40.0,50.0
àMàEàAà,2022.0,4.38,2024.0,29.68,2019.0,69.29,2019.0,-41.32,2013.88,1256.86,"àMàiàdàdàlàeà àEàaàsàtà,à àNàoàràtàhà àAàfàràiàcàaà,à àAàfàgàhàaànàiàsàtàaànà à&à àPàaàkàiàsàtàaànà",2021.74,82.61,0.73,4.64,2021.74,6476230.46,25881.12,113384.59,83.34,15.5,2022.0,13563.55,95.0,244.0,61.32,142.0,245.0,42.21,109.0,155.0,29.87,103.0,137.0,25.0,97.49,194.0,50.0,24.0,47.0,50.0,20.5,40.0,50.0,21.0,41.0,50.0,20.5,40.0,50.0,20.5,40.0,50.0
àMàEàXà,2022.0,4.06,2024.0,48.2,2019.0,47.63,2019.0,-4.59,2016.0,1144.48,àMàeàxàiàcàoà,2022.0,3.23,1.07,4.31,2022.0,87268.25,28947.66,116215.9,75.09,24.91,2022.0,4066.33,117.0,244.0,52.26,104.0,245.0,57.79,83.0,155.0,46.75,82.0,137.0,40.44,91.0,194.0,53.37,34.0,47.0,28.26,32.0,40.0,20.51,35.0,41.0,15.0,34.0,40.0,15.38,39.0,40.0,2.56
àMàHàLà,2022.0,7.7,2024.0,37.69,2018.17,44.53,2018.07,7.09,2002.0,1186.35,àMàaàràsàhàaàlàlà àIàsàlàaànàdàsà,2021.74,82.61,0.73,4.64,2021.74,6476230.46,25881.12,113384.59,83.34,15.5,2022.0,13563.55,10.0,244.0,96.3,126.0,245.0,48.77,77.99,155.0,50.01,68.99,137.0,50.01,86.0,194.0,55.96,24.0,47.0,50.0,20.5,40.0,50.0,21.0,41.0,50.0,20.5,40.0,50.0,20.5,40.0,50.0
àMàIàCà,2023.0,3.51,2024.0,43.28,2018.17,44.53,2018.07,7.09,2013.0,869.1,àMàiàdàdàlàeà àiànàcàoàmàeà,2021.74,82.61,0.73,4.64,2021.74,6476230.46,25881.12,113384.59,83.34,15.5,2022.0,13563.55,149.0,244.0,39.09,114.0,245.0,53.69,77.99,155.0,50.01,68.99,137.0,50.01,120.0,194.0,38.34,24.0,47.0,50.0,20.5,40.0,50.0,21.0,41.0,50.0,20.5,40.0,50.0,20.5,40.0,50.0
àMàKàDà,2002.0,3.3,2023.0,55.01,2021.0,33.03,2021.0,11.27,2002.0,608.56,àNàoàràtàhà àMàaàcàeàdàoànàiàaà,2021.74,82.61,0.73,4.64,2021.74,6476230.46,25881.12,113384.59,83.34,15.5,2022.0,13563.55,164.0,244.0,32.92,91.0,245.0,63.11,68.0,155.0,56.49,66.0,137.0,52.21,146.0,194.0,24.87,24.0,47.0,50.0,20.5,40.0,50.0,21.0,41.0,50.0,20.5,40.0,50.0,20.5,40.0,50.0
àMàLàIà,2023.0,4.18,2015.0,5.13,2012.0,90.44,2012.0,-84.02,2015.0,849.28,àMàaàlàià,2021.74,82.61,0.73,4.64,2021.74,6476230.46,25881.12,113384.59,83.34,15.5,2022.0,13563.55,109.0,244.0,55.56,227.0,245.0,7.38,144.0,155.0,7.14,131.0,137.0,4.41,122.0,194.0,37.31,24.0,47.0,50.0,20.5,40.0,50.0,21.0,41.0,50.0,20.5,40.0,50.0,20.5,40.0,50.0
àMàLàTà,2022.0,4.71,2023.0,80.53,2021.0,10.16,2021.0,60.07,2015.0,2132.74,àMàaàlàtàaà,2021.74,82.61,0.73,4.64,2021.74,6476230.46,25881.12,113384.59,83.34,15.5,2022.0,13563.55,80.0,244.0,67.49,31.0,245.0,87.7,34.0,155.0,78.57,38.0,137.0,72.79,26.0,194.0,87.05,24.0,47.0,50.0,20.5,40.0,50.0,21.0,41.0,50.0,20.5,40.0,50.0,20.5,40.0,50.0
àMàMàRà,2019.0,2.0,2018.0,20.37,2019.0,89.47,2018.07,7.09,2018.0,340.05,àMàyàaànàmàaàrà,2021.74,82.61,0.73,4.64,2021.74,6476230.46,25881.12,113384.59,83.34,15.5,2022.0,13563.55,226.0,244.0,7.41,169.0,245.0,31.15,138.0,155.0,11.04,68.99,137.0,50.01,177.0,194.0,8.81,24.0,47.0,50.0,20.5,40.0,50.0,21.0,41.0,50.0,20.5,40.0,50.0,20.5,40.0,50.0
àMàNàAà,2021.72,4.23,2020.56,43.61,2019.0,72.39,2018.07,7.09,2013.88,1256.86,"àMàiàdàdàlàeà àEàaàsàtà,à àNàoàràtàhà àAàfàràiàcàaà,à àAàfàgàhàaànàiàsàtàaànà à&à àPàaàkàiàsàtàaànà à(àeàxàcàlàuàdàiànàgà àhàiàgàhà àiànàcàoàmàeà)à",2021.74,82.61,0.73,4.64,2021.74,6476230.46,25881.12,113384.59,83.34,15.5,2022.0,13563.55,122.42,244.0,50.03,122.99,245.0,50.0,113.0,155.0,27.27,68.99,137.0,50.01,97.49,194.0,50.0,24.0,47.0,50.0,20.5,40.0,50.0,21.0,41.0,50.0,20.5,40.0,50.0,20.5,40.0,50.0
àMàNàEà,2021.72,4.23,2023.0,55.17,2021.0,15.81,2021.0,42.15,2013.88,1256.86,àMàoànàtàeànàeàgàràoà,2021.74,82.61,0.73,4.64,2021.74,6476230.46,25881.12,113384.59,83.34,15.5,2022.0,13563.55,122.42,244.0,50.03,88.0,245.0,64.34,47.0,155.0,70.13,50.0,137.0,63.97,97.49,194.0,50.0,24.0,47.0,50.0,20.5,40.0,50.0,21.0,41.0,50.0,20.5,40.0,50.0,20.5,40.0,50.0
àMàNàGà,2024.0,5.21,2024.0,69.04,2007.0,39.46,2007.0,7.51,2017.0,334.17,àMàoànàgàoàlàiàaà,2021.74,82.61,0.73,4.64,2021.74,6476230.46,25881.12,113384.59,83.34,15.5,2022.0,13563.55,56.0,244.0,77.37,64.0,245.0,74.18,74.0,155.0,52.6,69.0,137.0,50.0,178.0,194.0,8.29,24.0,47.0,50.0,20.5,40.0,50.0,21.0,41.0,50.0,20.5,40.0,50.0,20.5,40.0,50.0
àMàOàZà,2022.0,5.98,2018.0,7.46,2018.17,44.53,2018.07,7.09,2013.0,926.28,àMàoàzàaàmàbàiàqàuàeà,2021.74,82.61,0.73,4.64,2021.74,6476230.46,25881.12,113384.59,83.34,15.5,2022.0,13563.55,30.0,244.0,88.07,218.0,245.0,11.07,77.99,155.0,50.01,68.99,137.0,50.01,113.0,194.0,41.97,24.0,47.0,50.0,20.5,40.0,50.0,21.0,41.0,50.0,20.5,40.0,50.0,20.5,40.0,50.0
àMàRàTà,2024.0,7.61,2020.0,5.97,2004.0,94.77,2004.0,-91.42,2016.0,532.78,àMàaàuàràiàtàaànàiàaà,2021.74,82.61,0.73,4.64,2021.74,6476230.46,25881.12,113384.59,83.34,15.5,2022.0,13563.55,12.0,244.0,95.47,224.0,245.0,8.61,149.0,155.0,3.9,136.0,137.0,0.74,156.0,194.0,19.69,24.0,47.0,50.0,20.5,40.0,50.0,21.0,41.0,50.0,20.5,40.0,50.0,20.5,40.0,50.0
àMàUàSà,2024.0,4.25,2024.0,45.78,2006.0,40.46,2006.0,-16.85,2017.0,379.81,àMàaàuàràiàtàiàuàsà,2021.74,82.61,0.73,4.64,2021.74,6476230.46,25881.12,113384.59,83.34,15.5,2022.0,13563.55,107.0,244.0,56.38,108.0,245.0,56.15,75.0,155.0,51.95,85.0,137.0,38.24,173.0,194.0,10.88,24.0,47.0,50.0,20.5,40.0,50.0,21.0,41.0,50.0,20.5,40.0,50.0,20.5,40.0,50.0
àMàWàIà,2022.0,2.75,2022.0,2.71,2018.17,44.53,2018.07,7.09,2011.0,2044.69,àMàaàlàaàwàià,2021.74,82.61,0.73,4.64,2021.74,6476230.46,25881.12,113384.59,83.34,15.5,2022.0,13563.55,205.0,244.0,16.05,237.0,245.0,3.28,77.99,155.0,50.01,68.99,137.0,50.01,29.0,194.0,85.49,24.0,47.0,50.0,20.5,40.0,50.0,21.0,41.0,50.0,20.5,40.0,50.0,20.5,40.0,50.0
àMàYàSà,2023.0,3.51,2024.0,38.5,2019.0,42.03,2019.0,-1.22,2018.0,1028.79,àMàaàlàaàyàsàiàaà,2021.74,82.61,0.73,4.64,2021.74,6476230.46,25881.12,113384.59,83.34,15.5,2022.0,13563.55,150.0,244.0,38.68,123.0,245.0,50.0,78.0,155.0,50.0,80.0,137.0,41.91,102.0,194.0,47.67,24.0,47.0,50.0,20.5,40.0,50.0,21.0,41.0,50.0,20.5,40.0,50.0,20.5,40.0,50.0
àNàAàCà,2022.0,4.84,2024.0,79.04,2019.0,4.26,2019.0,82.16,2016.0,2211.56,àNàoàràtàhà àAàmàeàràiàcàaà,2021.74,82.61,0.73,4.64,2021.74,6476230.46,25881.12,113384.59,83.34,15.5,2022.0,13563.55,75.0,244.0,69.55,38.0,245.0,84.84,10.0,155.0,94.16,13.0,137.0,91.18,20.0,194.0,90.16,24.0,47.0,50.0,20.5,40.0,50.0,21.0,41.0,50.0,20.5,40.0,50.0,20.5,40.0,50.0
àNàAàMà,2024.0,9.08,2022.0,26.11,2018.17,44.53,2018.07,7.09,2014.0,1403.59,àNàaàmàiàbàiàaà,2021.74,82.61,0.73,4.64,2021.74,6476230.46,25881.12,113384.59,83.34,15.5,2022.0,13563.55,5.0,244.0,98.35,149.0,245.0,39.34,77.99,155.0,50.01,68.99,137.0,50.01,74.0,194.0,62.18,24.0,47.0,50.0,20.5,40.0,50.0,21.0,41.0,50.0,20.5,40.0,50.0,20.5,40.0,50.0
àNàEàRà,2023.0,4.07,2019.0,4.15,2019.0,90.44,2019.0,-86.29,2017.0,1009.45,àNàiàgàeàrà,2021.74,82.61,0.73,4.64,2021.74,6476230.46,25881.12,113384.59,83.34,15.5,2022.0,13563.55,114.0,244.0,53.5,232.0,245.0,5.33,143.0,155.0,7.79,133.0,137.0,2.94,104.0,194.0,46.63,24.0,47.0,50.0,20.5,40.0,50.0,21.0,41.0,50.0,20.5,40.0,50.0,20.5,40.0,50.0
àNàGàAà,2023.0,0.32,2011.0,9.74,2018.17,44.53,2018.07,7.09,2013.88,1256.86,àNàiàgàeàràiàaà,2021.74,82.61,0.73,4.64,2021.74,6476230.46,25881.12,113384.59,83.34,15.5,2022.0,13563.55,243.0,244.0,0.41,206.0,245.0,15.98,77.99,155.0,50.01,68.99,137.0,50.01,97.49,194.0,50.0,24.0,47.0,50.0,20.5,40.0,50.0,21.0,41.0,50.0,20.5,40.0,50.0,20.5,40.0,50.0
àNàIàCà,2023.0,2.87,2023.0,30.36,2019.0,78.9,2018.07,7.09,2013.88,1256.86,àNàiàcàaàràaàgàuàaà,2021.74,82.61,0.73,4.64,2021.74,6476230.46,25881.12,113384.59,83.34,15.5,2022.0,13563.55,197.0,244.0,19.34,141.0,245.0,42.62,121.0,155.0,22.08,68.99,137.0,50.01,97.49,194.0,50.0,24.0,47.0,50.0,20.5,40.0,50.0,21.0,41.0,50.0,20.5,40.0,50.0,20.5,40.0,50.0
àNàLàDà,2022.0,5.18,2023.0,86.59,2021.0,4.49,2021.0,84.9,2016.0,2856.77,àNàeàtàhàeàràlàaànàdàsà,2022.0,4.2,0.76,5.01,2022.0,51169.46,9314.63,61093.16,83.76,15.25,2022.0,19185.71,58.0,244.0,76.54,20.0,245.0,92.21,13.0,155.0,92.21,12.0,137.0,91.91,11.0,194.0,94.82,16.0,47.0,67.39,26.0,40.0,35.9,21.0,41.0,50.0,22.0,40.0,46.15,6.0,40.0,87.18
àNàOàRà,2022.0,5.43,2024.0,95.5,2021.0,4.29,2021.0,89.63,2016.0,3260.7,àNàoàràwàaàyà,2022.0,5.95,0.27,6.25,2022.0,20116.12,898.37,21122.08,95.24,4.25,2022.0,22558.15,42.0,244.0,83.13,13.0,245.0,95.08,11.0,155.0,93.51,9.0,137.0,94.12,5.0,194.0,97.93,2.0,47.0,97.83,6.0,40.0,87.18,3.0,41.0,95.0,6.0,40.0,87.18,2.0,40.0,97.44
àNàPàLà,2024.0,3.69,2024.0,21.29,2018.17,44.53,2018.07,7.09,2015.0,296.79,àNàeàpàaàlà,2021.74,82.61,0.73,4.64,2021.74,6476230.46,25881.12,113384.59,83.34,15.5,2022.0,13563.55,140.0,244.0,42.8,166.0,245.0,32.38,77.99,155.0,50.01,68.99,137.0,50.01,182.0,194.0,6.22,24.0,47.0,50.0,20.5,40.0,50.0,21.0,41.0,50.0,20.5,40.0,50.0,20.5,40.0,50.0
àNàRàUà,2023.0,5.78,2020.56,43.61,2018.17,44.53,2018.07,7.09,2013.88,1256.86,àNàaàuàràuà,2021.74,82.61,0.73,4.64,2021.74,6476230.46,25881.12,113384.59,83.34,15.5,2022.0,13563.55,34.0,244.0,86.42,122.99,245.0,50.0,77.99,155.0,50.01,68.99,137.0,50.01,97.49,194.0,50.0,24.0,47.0,50.0,20.5,40.0,50.0,21.0,41.0,50.0,20.5,40.0,50.0,20.5,40.0,50.0
àNàZàLà,2023.0,5.21,2024.0,77.24,2021.0,10.86,2021.0,68.55,2016.0,2067.52,àNàeàwà àZàeàaàlàaànàdà,2023.0,4.16,1.15,5.3,2023.0,10425.97,2875.64,13301.61,78.38,21.62,2022.0,12389.29,55.0,244.0,77.78,46.0,245.0,81.56,39.0,155.0,75.32,24.0,137.0,83.09,27.0,194.0,86.53,17.0,47.0,65.22,33.0,40.0,17.95,33.0,41.0,20.0,32.0,40.0,20.51,24.0,40.0,41.03
àOàEàDà,2022.0,5.06,2024.0,78.64,2018.17,44.53,2018.07,7.09,2016.0,1878.87,àOàEàCàDà àmàeàmàbàeàràsà,2021.74,82.61,0.73,4.64,2021.74,6476230.46,25881.12,113384.59,83.34,15.5,2022.0,13563.55,64.0,244.0,74.07,40.0,245.0,84.02,77.99,155.0,50.01,68.99,137.0,50.01,41.0,194.0,79.27,24.0,47.0,50.0,20.5,40.0,50.0,21.0,41.0,50.0,20.5,40.0,50.0,20.5,40.0,50.0
àOàMàNà,2022.0,4.38,2024.0,42.23,2021.0,40.61,2021.0,3.23,2016.0,2039.56,àOàmàaànà,2021.74,82.61,0.73,4.64,2021.74,6476230.46,25881.12,113384.59,83.34,15.5,2022.0,13563.55,95.0,244.0,61.32,118.0,245.0,52.05,76.0,155.0,51.3,74.0,137.0,46.32,31.0,194.0,84.46,24.0,47.0,50.0,20.5,40.0,50.0,21.0,41.0,50.0,20.5,40.0,50.0,20.5,40.0,50.0
àOàSàSà,2023.0,5.0,2024.0,22.57,2018.17,44.53,2018.07,7.09,2016.0,513.54,àOàtàhàeàrà àsàmàaàlàlà àsàtàaàtàeàsà,2021.74,82.61,0.73,4.64,2021.74,6476230.46,25881.12,113384.59,83.34,15.5,2022.0,13563.55,68.0,244.0,72.43,160.0,245.0,34.84,77.99,155.0,50.01,68.99,137.0,50.01,159.0,194.0,18.13,24.0,47.0,50.0,20.5,40.0,50.0,21.0,41.0,50.0,20.5,40.0,50.0,20.5,40.0,50.0
àPàAàKà,2023.0,1.95,2024.0,10.86,2019.0,79.54,2019.0,-68.44,2017.0,579.76,àPàaàkàiàsàtàaànà,2021.74,82.61,0.73,4.64,2021.74,6476230.46,25881.12,113384.59,83.34,15.5,2022.0,13563.55,227.0,244.0,7.0,195.0,245.0,20.49,124.0,155.0,20.13,115.0,137.0,16.18,148.0,194.0,23.83,24.0,47.0,50.0,20.5,40.0,50.0,21.0,41.0,50.0,20.5,40.0,50.0,20.5,40.0,50.0
àPàAàNà,2023.0,2.47,2023.0,53.69,2019.0,78.51,2006.0,-31.0,2012.0,818.15,àPàaànàaàmàaà,2021.74,82.61,0.73,4.64,2021.74,6476230.46,25881.12,113384.59,83.34,15.5,2022.0,13563.55,212.0,244.0,13.17,96.0,245.0,61.07,119.0,155.0,23.38,98.0,137.0,28.68,127.0,194.0,34.72,24.0,47.0,50.0,20.5,40.0,50.0,21.0,41.0,50.0,20.5,40.0,50.0,20.5,40.0,50.0
àPàEàRà,2024.0,4.36,2017.0,71.24,2019.0,44.44,2006.0,-34.53,2017.0,775.35,àPàeàràuà,2022.0,3.0,1.23,4.23,2022.0,14418.4,5896.01,20314.41,70.98,29.02,2022.0,2611.86,97.0,244.0,60.49,58.0,245.0,76.64,81.0,155.0,48.05,101.0,137.0,26.47,133.0,194.0,31.61,41.0,47.0,13.04,35.0,40.0,12.82,38.0,41.0,7.5,37.0,40.0,7.69,40.0,40.0,0.0
àPàHàLà,2025.0,3.97,2024.0,47.41,2019.0,90.91,2019.0,-60.86,2009.0,281.13,àPàhàiàlàiàpàpàiànàeàsà,2021.74,82.61,0.73,4.64,2021.74,6476230.46,25881.12,113384.59,83.34,15.5,2022.0,13563.55,121.0,244.0,50.62,106.0,245.0,56.97,145.0,155.0,6.49,111.0,137.0,19.12,184.0,194.0,5.18,24.0,47.0,50.0,20.5,40.0,50.0,21.0,41.0,50.0,20.5,40.0,50.0,20.5,40.0,50.0
àPàLàWà,2023.0,3.44,2024.0,71.84,2018.17,44.53,2018.07,7.09,2001.0,2358.54,àPàaàlàaàuà,2021.74,82.61,0.73,4.64,2021.74,6476230.46,25881.12,113384.59,83.34,15.5,2022.0,13563.55,156.0,244.0,36.21,56.0,245.0,77.46,77.99,155.0,50.01,68.99,137.0,50.01,15.0,194.0,92.75,24.0,47.0,50.0,20.5,40.0,50.0,21.0,41.0,50.0,20.5,40.0,50.0,20.5,40.0,50.0
àPàNàGà,2023.0,0.78,1999.0,1.95,2018.17,44.53,2018.07,7.09,2013.88,1256.86,àPàaàpàuàaà àNàeàwà àGàuàiànàeàaà,2021.74,82.61,0.73,4.64,2021.74,6476230.46,25881.12,113384.59,83.34,15.5,2022.0,13563.55,241.0,244.0,1.23,242.0,245.0,1.23,77.99,155.0,50.01,68.99,137.0,50.01,97.49,194.0,50.0,24.0,47.0,50.0,20.5,40.0,50.0,21.0,41.0,50.0,20.5,40.0,50.0,20.5,40.0,50.0
àPàOàLà,2022.0,4.31,2024.0,80.91,2021.0,5.55,2021.0,66.66,2016.0,1774.95,àPàoàlàaànàdà,2022.0,3.45,0.58,4.11,2022.0,53975.28,9074.51,64368.16,83.85,14.1,2022.0,11488.47,102.0,244.0,58.44,30.0,245.0,88.11,19.0,155.0,88.31,26.0,137.0,81.62,47.0,194.0,76.17,31.0,47.0,34.78,22.0,40.0,46.15,20.0,41.0,52.5,20.0,40.0,51.28,26.0,40.0,35.9
àPàRàEà,2023.0,3.24,2021.0,8.72,2018.17,44.53,2018.07,7.09,2010.0,1060.91,àPàràeà-àdàeàmàoàgàràaàpàhàiàcà àdàiàvàiàdàeànàdà,2021.74,82.61,0.73,4.64,2021.74,6476230.46,25881.12,113384.59,83.34,15.5,2022.0,13563.55,170.0,244.0,30.45,213.0,245.0,13.11,77.99,155.0,50.01,68.99,137.0,50.01,100.0,194.0,48.7,24.0,47.0,50.0,20.5,40.0,50.0,21.0,41.0,50.0,20.5,40.0,50.0,20.5,40.0,50.0
àPàRàIà,2024.0,4.27,2023.0,77.93,2018.17,44.53,2018.07,7.09,2014.0,3234.4,àPàuàeàràtàoà àRàiàcàoà à(àUàSà)à,2021.74,82.61,0.73,4.64,2021.74,6476230.46,25881.12,113384.59,83.34,15.5,2022.0,13563.55,105.0,244.0,57.2,42.0,245.0,83.2,77.99,155.0,50.01,68.99,137.0,50.01,6.0,194.0,97.41,24.0,47.0,50.0,20.5,40.0,50.0,21.0,41.0,50.0,20.5,40.0,50.0,20.5,40.0,50.0
àPàRàKà,2021.72,4.23,2018.0,26.72,2018.17,44.53,2018.07,7.09,2013.88,1256.86,"àKàoàràeàaà,à àDàeàmà.à àPàeàoàpàlàeà'àsà àRàeàpà.à",2021.74,82.61,0.73,4.64,2021.74,6476230.46,25881.12,113384.59,83.34,15.5,2022.0,13563.55,122.42,244.0,50.03,146.0,245.0,40.57,77.99,155.0,50.01,68.99,137.0,50.01,97.49,194.0,50.0,24.0,47.0,50.0,20.5,40.0,50.0,21.0,41.0,50.0,20.5,40.0,50.0,20.5,40.0,50.0
àPàRàTà,2022.0,4.55,2023.0,77.68,2021.0,7.98,2021.0,64.53,2015.0,1662.72,àPàoàràtàuàgàaàlà,2022.0,3.86,0.83,4.81,2022.0,16158.23,3470.69,20137.43,80.24,17.24,2022.0,12956.09,87.0,244.0,64.61,43.0,245.0,82.79,25.0,155.0,84.42,31.0,137.0,77.94,52.0,194.0,73.58,24.0,47.0,50.0,27.0,40.0,33.33,27.0,41.0,35.0,25.0,40.0,38.46,21.0,40.0,48.72
àPàRàYà,2024.0,3.53,2010.0,37.62,2019.0,77.74,2018.07,7.09,2010.0,536.48,àPàaàràaàgàuàaàyà,2021.74,82.61,0.73,4.64,2021.74,6476230.46,25881.12,113384.59,83.34,15.5,2022.0,13563.55,148.0,244.0,39.51,127.0,245.0,48.36,118.0,155.0,24.03,68.99,137.0,50.01,155.0,194.0,20.21,24.0,47.0,50.0,20.5,40.0,50.0,21.0,41.0,50.0,20.5,40.0,50.0,20.5,40.0,50.0
àPàSàEà,2021.0,5.43,2023.0,44.49,2018.17,44.53,2018.07,7.09,2013.88,1256.86,àWàeàsàtà àBàaànàkà àaànàdà àGàaàzàaà,2021.74,82.61,0.73,4.64,2021.74,6476230.46,25881.12,113384.59,83.34,15.5,2022.0,13563.55,41.0,244.0,83.54,111.0,245.0,54.92,77.99,155.0,50.01,68.99,137.0,50.01,97.49,194.0,50.0,24.0,47.0,50.0,20.5,40.0,50.0,21.0,41.0,50.0,20.5,40.0,50.0,20.5,40.0,50.0
àPàSàSà,2021.72,4.23,2024.0,29.3,2018.17,44.53,2018.07,7.09,2013.88,1256.86,àPàaàcàiàfàiàcà àiàsàlàaànàdà àsàmàaàlàlà àsàtàaàtàeàsà,2021.74,82.61,0.73,4.64,2021.74,6476230.46,25881.12,113384.59,83.34,15.5,2022.0,13563.55,122.42,244.0,50.03,144.0,245.0,41.39,77.99,155.0,50.01,68.99,137.0,50.01,97.49,194.0,50.0,24.0,47.0,50.0,20.5,40.0,50.0,21.0,41.0,50.0,20.5,40.0,50.0,20.5,40.0,50.0
àPàSàTà,2022.0,4.96,2024.0,80.23,2018.17,44.53,2018.07,7.09,2016.0,1976.87,àPàoàsàtà-àdàeàmàoàgàràaàpàhàiàcà àdàiàvàiàdàeànàdà,2021.74,82.61,0.73,4.64,2021.74,6476230.46,25881.12,113384.59,83.34,15.5,2022.0,13563.55,70.0,244.0,71.6,33.0,245.0,86.89,77.99,155.0,50.01,68.99,137.0,50.01,35.0,194.0,82.38,24.0,47.0,50.0,20.5,40.0,50.0,21.0,41.0,50.0,20.5,40.0,50.0,20.5,40.0,50.0
àPàYàFà,2021.72,4.23,1992.0,1.46,2018.17,44.53,2018.07,7.09,2013.88,1256.86,àFàràeànàcàhà àPàoàlàyànàeàsàiàaà,2021.74,82.61,0.73,4.64,2021.74,6476230.46,25881.12,113384.59,83.34,15.5,2022.0,13563.55,122.42,244.0,50.03,244.0,245.0,0.41,77.99,155.0,50.01,68.99,137.0,50.01,97.49,194.0,50.0,24.0,47.0,50.0,20.5,40.0,50.0,21.0,41.0,50.0,20.5,40.0,50.0,20.5,40.0,50.0
àQàAàTà,2020.0,3.23,2024.0,43.02,2021.0,21.06,2021.0,10.22,2013.88,1256.86,àQàaàtàaàrà,2021.74,82.61,0.73,4.64,2021.74,6476230.46,25881.12,113384.59,83.34,15.5,2022.0,13563.55,172.0,244.0,29.63,116.0,245.0,52.87,56.0,155.0,64.29,67.0,137.0,51.47,97.49,194.0,50.0,24.0,47.0,50.0,20.5,40.0,50.0,21.0,41.0,50.0,20.5,40.0,50.0,20.5,40.0,50.0
àRàOàUà,2022.0,3.28,2023.0,55.17,2011.0,17.86,2011.0,48.93,2016.0,1302.61,àRàoàmàaànàiàaà,2022.0,2.35,0.02,2.49,2022.0,17118.65,132.46,18080.64,94.68,0.73,2022.0,7220.57,166.0,244.0,32.1,89.0,245.0,63.93,49.0,155.0,68.83,47.0,137.0,66.18,80.0,194.0,59.07,46.0,47.0,2.17,1.0,40.0,100.0,5.0,41.0,90.0,1.0,40.0,100.0,34.0,40.0,15.38
àRàUàSà,2023.0,4.16,2024.0,60.39,2021.0,3.76,2021.0,51.19,2016.0,1662.2,àRàuàsàsàiàaànà àFàeàdàeàràaàtàiàoànà,2021.74,82.61,0.73,4.64,2021.74,6476230.46,25881.12,113384.59,83.34,15.5,2022.0,13563.55,110.0,244.0,55.14,76.0,245.0,69.26,8.0,155.0,95.45,43.0,137.0,69.12,53.0,194.0,73.06,24.0,47.0,50.0,20.5,40.0,50.0,21.0,41.0,50.0,20.5,40.0,50.0,20.5,40.0,50.0
àRàWàAà,2024.0,4.61,2024.0,9.41,2018.17,44.53,2018.07,7.09,2018.0,660.26,àRàwàaànàdàaà,2021.74,82.61,0.73,4.64,2021.74,6476230.46,25881.12,113384.59,83.34,15.5,2022.0,13563.55,84.0,244.0,65.84,207.0,245.0,15.57,77.99,155.0,50.01,68.99,137.0,50.01,143.0,194.0,26.42,24.0,47.0,50.0,20.5,40.0,50.0,21.0,41.0,50.0,20.5,40.0,50.0,20.5,40.0,50.0
àSàAàSà,2024.0,2.86,2024.0,32.78,2019.0,55.79,2019.0,-28.13,2016.0,770.91,àSàoàuàtàhà àAàsàiàaà,2021.74,82.61,0.73,4.64,2021.74,6476230.46,25881.12,113384.59,83.34,15.5,2022.0,13563.55,199.0,244.0,18.52,138.0,245.0,43.85,95.0,155.0,38.96,94.0,137.0,31.62,134.0,194.0,31.09,24.0,47.0,50.0,20.5,40.0,50.0,21.0,41.0,50.0,20.5,40.0,50.0,20.5,40.0,50.0
àSàAàUà,2023.0,4.48,2024.0,83.88,2021.0,32.41,2021.0,41.99,1998.0,2173.42,àSàaàuàdàià àAàràaàbàiàaà,2021.74,82.61,0.73,4.64,2021.74,6476230.46,25881.12,113384.59,83.34,15.5,2022.0,13563.55,91.0,244.0,62.96,25.0,245.0,90.16,67.0,155.0,57.14,51.0,137.0,63.24,24.0,194.0,88.08,24.0,47.0,50.0,20.5,40.0,50.0,21.0,41.0,50.0,20.5,40.0,50.0,20.5,40.0,50.0
àSàDàNà,2009.0,2.02,2015.0,15.86,2018.17,44.53,2018.07,7.09,2013.88,1256.86,àSàuàdàaànà,2021.74,82.61,0.73,4.64,2021.74,6476230.46,25881.12,113384.59,83.34,15.5,2022.0,13563.55,224.0,244.0,8.23,176.0,245.0,28.28,77.99,155.0,50.01,68.99,137.0,50.01,97.49,194.0,50.0,24.0,47.0,50.0,20.5,40.0,50.0,21.0,41.0,50.0,20.5,40.0,50.0,20.5,40.0,50.0
àSàEàNà,2023.0,6.16,2024.0,15.33,2019.0,68.57,2019.0,-55.96,2018.0,1626.9,àSàeànàeàgàaàlà,2021.74,82.61,0.73,4.64,2021.74,6476230.46,25881.12,113384.59,83.34,15.5,2022.0,13563.55,26.0,244.0,89.71,178.0,245.0,27.46,107.0,155.0,31.17,108.0,137.0,21.32,54.0,194.0,72.54,24.0,47.0,50.0,20.5,40.0,50.0,21.0,41.0,50.0,20.5,40.0,50.0,20.5,40.0,50.0
àSàGàPà,2024.0,2.19,2023.0,97.29,2021.0,3.37,2021.0,93.73,2017.0,1996.15,àSàiànàgàaàpàoàràeà,2021.74,82.61,0.73,4.64,2021.74,6476230.46,25881.12,113384.59,83.34,15.5,2022.0,13563.55,219.0,244.0,10.29,12.0,245.0,95.49,5.0,155.0,97.4,5.0,137.0,97.06,32.0,194.0,83.94,24.0,47.0,50.0,20.5,40.0,50.0,21.0,41.0,50.0,20.5,40.0,50.0,20.5,40.0,50.0
àSàLàBà,2023.0,8.29,2020.56,43.61,2018.17,44.53,2018.07,7.09,2013.88,1256.86,àSàoàlàoàmàoànà àIàsàlàaànàdàsà,2021.74,82.61,0.73,4.64,2021.74,6476230.46,25881.12,113384.59,83.34,15.5,2022.0,13563.55,8.0,244.0,97.12,122.99,245.0,50.0,77.99,155.0,50.01,68.99,137.0,50.01,97.49,194.0,50.0,24.0,47.0,50.0,20.5,40.0,50.0,21.0,41.0,50.0,20.5,40.0,50.0,20.5,40.0,50.0
àSàLàEà,2023.0,2.62,2002.0,1.99,2018.17,44.53,2018.07,7.09,2013.88,1256.86,àSàiàeàràràaà àLàeàoànàeà,2021.74,82.61,0.73,4.64,2021.74,6476230.46,25881.12,113384.59,83.34,15.5,2022.0,13563.55,207.0,244.0,15.23,241.0,245.0,1.64,77.99,155.0,50.01,68.99,137.0,50.01,97.49,194.0,50.0,24.0,47.0,50.0,20.5,40.0,50.0,21.0,41.0,50.0,20.5,40.0,50.0,20.5,40.0,50.0
àSàLàVà,2024.0,3.32,2024.0,32.83,2019.0,69.07,2019.0,-40.56,2018.0,313.79,àEàlà àSàaàlàvàaàdàoàrà,2021.74,82.61,0.73,4.64,2021.74,6476230.46,25881.12,113384.59,83.34,15.5,2022.0,13563.55,163.0,244.0,33.33,137.0,245.0,44.26,108.0,155.0,30.52,102.0,137.0,25.74,179.0,194.0,7.77,24.0,47.0,50.0,20.5,40.0,50.0,21.0,41.0,50.0,20.5,40.0,50.0,20.5,40.0,50.0
àSàMàRà,2022.0,2.9,2024.0,57.55,2018.17,44.53,2018.07,7.09,2011.0,560.69,àSàaànà àMàaàràiànàoà,2021.74,82.61,0.73,4.64,2021.74,6476230.46,25881.12,113384.59,83.34,15.5,2022.0,13563.55,195.0,244.0,20.16,85.0,245.0,65.57,77.99,155.0,50.01,68.99,137.0,50.01,150.0,194.0,22.8,24.0,47.0,50.0,20.5,40.0,50.0,21.0,41.0,50.0,20.5,40.0,50.0,20.5,40.0,50.0
àSàOàMà,2023.0,0.0,1987.0,2.41,2018.17,44.53,2018.07,7.09,2013.88,1256.86,"àSàoàmàaàlàiàaà,à àFàeàdà.à àRàeàpà.à",2021.74,82.61,0.73,4.64,2021.74,6476230.46,25881.12,113384.59,83.34,15.5,2022.0,13563.55,244.0,244.0,0.0,240.0,245.0,2.05,77.99,155.0,50.01,68.99,137.0,50.01,97.49,194.0,50.0,24.0,47.0,50.0,20.5,40.0,50.0,21.0,41.0,50.0,20.5,40.0,50.0,20.5,40.0,50.0
àSàRàBà,2023.0,3.4,2024.0,70.58,2021.0,8.85,2021.0,60.33,2017.0,1980.27,àSàeàràbàiàaà,2021.74,82.61,0.73,4.64,2021.74,6476230.46,25881.12,113384.59,83.34,15.5,2022.0,13563.55,157.0,244.0,35.8,59.0,245.0,76.23,29.0,155.0,81.82,36.0,137.0,74.26,34.0,194.0,82.9,24.0,47.0,50.0,20.5,40.0,50.0,21.0,41.0,50.0,20.5,40.0,50.0,20.5,40.0,50.0
àSàSàAà,2023.0,3.3,2021.0,9.27,2019.0,85.5,2019.0,-76.41,2013.88,1256.86,àSàuàbà-àSàaàhàaàràaànà àAàfàràiàcàaà à(àeàxàcàlàuàdàiànàgà àhàiàgàhà àiànàcàoàmàeà)à,2021.74,82.61,0.73,4.64,2021.74,6476230.46,25881.12,113384.59,83.34,15.5,2022.0,13563.55,165.0,244.0,32.51,210.0,245.0,14.34,134.0,155.0,13.64,124.0,137.0,9.56,97.49,194.0,50.0,24.0,47.0,50.0,20.5,40.0,50.0,21.0,41.0,50.0,20.5,40.0,50.0,20.5,40.0,50.0
àSàSàDà,2016.0,1.57,2020.56,43.61,2018.17,44.53,2018.07,7.09,2013.88,1256.86,àSàoàuàtàhà àSàuàdàaànà,2021.74,82.61,0.73,4.64,2021.74,6476230.46,25881.12,113384.59,83.34,15.5,2022.0,13563.55,236.0,244.0,3.29,122.99,245.0,50.0,77.99,155.0,50.01,68.99,137.0,50.01,97.49,194.0,50.0,24.0,47.0,50.0,20.5,40.0,50.0,21.0,41.0,50.0,20.5,40.0,50.0,20.5,40.0,50.0
àSàSàFà,2023.0,3.26,2021.0,9.27,2019.0,86.49,2019.0,-77.4,2013.88,1256.86,àSàuàbà-àSàaàhàaàràaànà àAàfàràiàcàaà,2021.74,82.61,0.73,4.64,2021.74,6476230.46,25881.12,113384.59,83.34,15.5,2022.0,13563.55,167.0,244.0,31.69,208.0,245.0,15.16,136.0,155.0,12.34,127.0,137.0,7.35,97.49,194.0,50.0,24.0,47.0,50.0,20.5,40.0,50.0,21.0,41.0,50.0,20.5,40.0,50.0,20.5,40.0,50.0
àSàSàTà,2023.0,4.79,2024.0,22.88,2019.0,19.31,2019.0,2.06,2014.0,632.41,àSàmàaàlàlà àsàtàaàtàeàsà,2021.74,82.61,0.73,4.64,2021.74,6476230.46,25881.12,113384.59,83.34,15.5,2022.0,13563.55,77.0,244.0,68.72,159.0,245.0,35.25,54.0,155.0,65.58,75.0,137.0,45.59,145.0,194.0,25.39,24.0,47.0,50.0,20.5,40.0,50.0,21.0,41.0,50.0,20.5,40.0,50.0,20.5,40.0,50.0
àSàTàPà,2023.0,5.03,2015.0,12.82,2018.17,44.53,2018.07,7.09,2014.0,387.61,àSàaàoà àTàoàmàeà àaànàdà àPàràiànàcàiàpàeà,2021.74,82.61,0.73,4.64,2021.74,6476230.46,25881.12,113384.59,83.34,15.5,2022.0,13563.55,67.0,244.0,72.84,189.0,245.0,22.95,77.99,155.0,50.01,68.99,137.0,50.01,172.0,194.0,11.4,24.0,47.0,50.0,20.5,40.0,50.0,21.0,41.0,50.0,20.5,40.0,50.0,20.5,40.0,50.0
àSàUàRà,2023.0,2.87,2024.0,2.57,2018.17,44.53,2018.07,7.09,2013.88,1256.86,àSàuàràiànàaàmàeà,2021.74,82.61,0.73,4.64,2021.74,6476230.46,25881.12,113384.59,83.34,15.5,2022.0,13563.55,198.0,244.0,18.93,239.0,245.0,2.46,77.99,155.0,50.01,68.99,137.0,50.01,97.49,194.0,50.0,24.0,47.0,50.0,20.5,40.0,50.0,21.0,41.0,50.0,20.5,40.0,50.0,20.5,40.0,50.0
àSàVàKà,2022.0,4.66,2024.0,54.47,2021.0,22.12,2021.0,28.61,2016.0,1388.32,àSàlàoàvàaàkà àRàeàpàuàbàlàiàcà,2022.0,3.72,0.41,4.18,2022.0,7624.59,833.38,8561.67,89.05,9.73,2022.0,11258.96,81.0,244.0,67.08,92.0,245.0,62.7,57.0,155.0,63.64,56.0,137.0,59.56,75.0,194.0,61.66,28.0,47.0,41.3,11.0,40.0,74.36,11.0,41.0,75.0,11.0,40.0,74.36,28.0,40.0,30.77
àSàVàNà,2022.0,5.28,2023.0,80.08,2021.0,7.22,2021.0,75.02,2016.0,1933.27,àSàlàoàvàeànàiàaà,2022.0,4.02,0.5,4.59,2022.0,3925.41,489.39,4491.01,87.41,10.9,2022.0,14454.05,50.0,244.0,79.84,34.0,245.0,86.48,22.0,155.0,86.36,19.0,137.0,86.76,38.0,194.0,80.83,22.0,47.0,54.35,18.0,40.0,56.41,13.0,41.0,70.0,12.0,40.0,71.79,17.0,40.0,58.97
àSàWàEà,2022.0,7.32,2024.0,84.0,2021.0,5.27,2021.0,80.67,2016.0,2954.0,àSàwàeàdàeànà,2022.0,5.06,0.19,5.31,2022.0,32343.19,1205.91,33977.76,95.19,3.55,2022.0,17804.3,14.0,244.0,94.65,24.0,245.0,90.57,16.0,155.0,90.26,14.0,137.0,90.44,9.0,194.0,95.85,6.0,47.0,89.13,4.0,40.0,92.31,4.0,41.0,92.5,4.0,40.0,92.31,12.0,40.0,71.79
àSàWàZà,2024.0,6.03,2013.0,6.44,2018.17,44.53,2018.07,7.09,2006.0,1124.12,àEàsàwàaàtàiànàià,2021.74,82.61,0.73,4.64,2021.74,6476230.46,25881.12,113384.59,83.34,15.5,2022.0,13563.55,27.0,244.0,89.3,220.0,245.0,10.25,77.99,155.0,50.01,68.99,137.0,50.01,95.0,194.0,51.3,24.0,47.0,50.0,20.5,40.0,50.0,21.0,41.0,50.0,20.5,40.0,50.0,20.5,40.0,50.0
àSàXàMà,2023.0,3.92,2023.0,7.65,2018.17,44.53,2018.07,7.09,2013.88,1256.86,àSàiànàtà àMàaàaàràtàeànà à(àDàuàtàcàhà àpàaàràtà)à,2021.74,82.61,0.73,4.64,2021.74,6476230.46,25881.12,113384.59,83.34,15.5,2022.0,13563.55,124.0,244.0,49.38,217.0,245.0,11.48,77.99,155.0,50.01,68.99,137.0,50.01,97.49,194.0,50.0,24.0,47.0,50.0,20.5,40.0,50.0,21.0,41.0,50.0,20.5,40.0,50.0,20.5,40.0,50.0
àSàYàCà,2023.0,4.45,2024.0,14.53,2018.17,44.53,2018.07,7.09,2016.0,1812.63,àSàeàyàcàhàeàlàlàeàsà,2021.74,82.61,0.73,4.64,2021.74,6476230.46,25881.12,113384.59,83.34,15.5,2022.0,13563.55,92.0,244.0,62.55,184.0,245.0,25.0,77.99,155.0,50.01,68.99,137.0,50.01,46.0,194.0,76.68,24.0,47.0,50.0,20.5,40.0,50.0,21.0,41.0,50.0,20.5,40.0,50.0,20.5,40.0,50.0
àSàYàRà,2009.0,5.13,2016.0,43.76,2018.17,44.53,2018.07,7.09,2009.0,1131.62,àSàyàràiàaànà àAàràaàbà àRàeàpàuàbàlàiàcà,2021.74,82.61,0.73,4.64,2021.74,6476230.46,25881.12,113384.59,83.34,15.5,2022.0,13563.55,62.0,244.0,74.9,112.0,245.0,54.51,77.99,155.0,50.01,68.99,137.0,50.01,94.0,194.0,51.81,24.0,47.0,50.0,20.5,40.0,50.0,21.0,41.0,50.0,20.5,40.0,50.0,20.5,40.0,50.0
àTàCàAà,2024.0,2.95,2023.0,25.25,2018.17,44.53,2018.07,7.09,2015.0,1084.1,àTàuàràkàsà àaànàdà àCàaàiàcàoàsà àIàsàlàaànàdàsà,2021.74,82.61,0.73,4.64,2021.74,6476230.46,25881.12,113384.59,83.34,15.5,2022.0,13563.55,192.0,244.0,21.4,150.0,245.0,38.93,77.99,155.0,50.01,68.99,137.0,50.01,97.0,194.0,50.26,24.0,47.0,50.0,20.5,40.0,50.0,21.0,41.0,50.0,20.5,40.0,50.0,20.5,40.0,50.0
àTàCàDà,2023.0,3.2,2020.0,4.4,2019.0,94.41,2014.0,-94.42,2011.0,413.09,àCàhàaàdà,2021.74,82.61,0.73,4.64,2021.74,6476230.46,25881.12,113384.59,83.34,15.5,2022.0,13563.55,180.0,244.0,26.34,231.0,245.0,5.74,147.0,155.0,5.19,137.0,137.0,0.0,169.0,194.0,12.95,24.0,47.0,50.0,20.5,40.0,50.0,21.0,41.0,50.0,20.5,40.0,50.0,20.5,40.0,50.0
àTàEàAà,2023.0,3.02,2024.0,62.19,2019.0,34.52,2019.0,12.74,2013.0,684.18,àEàaàsàtà àAàsàiàaà à&à àPàaàcàiàfàiàcà à(àIàDàAà à&à àIàBàRàDà àcàoàuànàtàràiàeàsà)à,2021.74,82.61,0.73,4.64,2021.74,6476230.46,25881.12,113384.59,83.34,15.5,2022.0,13563.55,190.0,244.0,22.22,73.0,245.0,70.49,71.0,155.0,54.55,63.0,137.0,54.41,139.0,194.0,28.5,24.0,47.0,50.0,20.5,40.0,50.0,21.0,41.0,50.0,20.5,40.0,50.0,20.5,40.0,50.0
àTàEàCà,2023.0,3.94,2024.0,88.62,2019.0,10.41,2019.0,63.23,2016.0,1598.68,àEàuàràoàpàeà à&à àCàeànàtàràaàlà àAàsàiàaà à(àIàDàAà à&à àIàBàRàDà àcàoàuànàtàràiàeàsà)à,2021.74,82.61,0.73,4.64,2021.74,6476230.46,25881.12,113384.59,83.34,15.5,2022.0,13563.55,123.0,244.0,49.79,18.0,245.0,93.03,37.0,155.0,76.62,35.0,137.0,75.0,61.0,194.0,68.91,24.0,47.0,50.0,20.5,40.0,50.0,21.0,41.0,50.0,20.5,40.0,50.0,20.5,40.0,50.0
àTàGàOà,2023.0,4.14,2020.0,14.9,2019.0,81.66,2019.0,-68.5,2017.0,949.74,àTàoàgàoà,2021.74,82.61,0.73,4.64,2021.74,6476230.46,25881.12,113384.59,83.34,15.5,2022.0,13563.55,111.0,244.0,54.73,180.0,245.0,26.64,128.0,155.0,17.53,116.0,137.0,15.44,109.0,194.0,44.04,24.0,47.0,50.0,20.5,40.0,50.0,21.0,41.0,50.0,20.5,40.0,50.0,20.5,40.0,50.0
àTàHàAà,2023.0,2.52,2025.0,49.08,2011.0,23.42,2011.0,29.32,2013.0,903.01,àTàhàaàiàlàaànàdà,2021.74,82.61,0.73,4.64,2021.74,6476230.46,25881.12,113384.59,83.34,15.5,2022.0,13563.55,210.0,244.0,13.99,102.0,245.0,58.61,58.0,155.0,62.99,55.0,137.0,60.29,116.0,194.0,40.41,24.0,47.0,50.0,20.5,40.0,50.0,21.0,41.0,50.0,20.5,40.0,50.0,20.5,40.0,50.0
àTàJàKà,2023.0,5.44,2024.0,35.64,2018.17,44.53,2018.07,7.09,2015.0,510.12,àTàaàjàiàkàiàsàtàaànà,2021.74,82.61,0.73,4.64,2021.74,6476230.46,25881.12,113384.59,83.34,15.5,2022.0,13563.55,40.0,244.0,83.95,132.0,245.0,46.31,77.99,155.0,50.01,68.99,137.0,50.01,161.0,194.0,17.1,24.0,47.0,50.0,20.5,40.0,50.0,21.0,41.0,50.0,20.5,40.0,50.0,20.5,40.0,50.0
àTàKàMà,2024.0,4.29,2024.0,20.43,2018.17,44.53,2018.07,7.09,2013.88,1256.86,àTàuàràkàmàeànàiàsàtàaànà,2021.74,82.61,0.73,4.64,2021.74,6476230.46,25881.12,113384.59,83.34,15.5,2022.0,13563.55,104.0,244.0,57.61,168.0,245.0,31.56,77.99,155.0,50.01,68.99,137.0,50.01,97.49,194.0,50.0,24.0,47.0,50.0,20.5,40.0,50.0,21.0,41.0,50.0,20.5,40.0,50.0,20.5,40.0,50.0
àTàLàAà,2023.0,3.79,2024.0,59.06,2019.0,52.25,2019.0,1.07,2015.0,1597.65,àLàaàtàiànà àAàmàeàràiàcàaà à&à àtàhàeà àCàaàràiàbàbàeàaànà à(àIàDàAà à&à àIàBàRàDà àcàoàuànàtàràiàeàsà)à,2021.74,82.61,0.73,4.64,2021.74,6476230.46,25881.12,113384.59,83.34,15.5,2022.0,13563.55,131.0,244.0,46.5,79.0,245.0,68.03,90.0,155.0,42.21,78.0,137.0,43.38,62.0,194.0,68.39,24.0,47.0,50.0,20.5,40.0,50.0,21.0,41.0,50.0,20.5,40.0,50.0,20.5,40.0,50.0
àTàLàSà,2023.0,5.24,2023.0,30.96,2018.17,44.53,2018.07,7.09,2010.0,266.64,àTàiàmàoàrà-àLàeàsàtàeà,2021.74,82.61,0.73,4.64,2021.74,6476230.46,25881.12,113384.59,83.34,15.5,2022.0,13563.55,53.0,244.0,78.6,140.0,245.0,43.03,77.99,155.0,50.01,68.99,137.0,50.01,185.0,194.0,4.66,24.0,47.0,50.0,20.5,40.0,50.0,21.0,41.0,50.0,20.5,40.0,50.0,20.5,40.0,50.0
àTàMàNà,2021.72,4.23,2020.56,43.61,2019.0,72.39,2018.07,7.09,2013.88,1256.86,"àMàiàdàdàlàeà àEàaàsàtà,à àNàoàràtàhà àAàfàràiàcàaà,à àAàfàgàhàaànàiàsàtàaànà à&à àPàaàkàiàsàtàaànà à(àIàDàAà à&à àIàBàRàDà)à",2021.74,82.61,0.73,4.64,2021.74,6476230.46,25881.12,113384.59,83.34,15.5,2022.0,13563.55,122.42,244.0,50.03,122.99,245.0,50.0,112.0,155.0,27.92,68.99,137.0,50.01,97.49,194.0,50.0,24.0,47.0,50.0,20.5,40.0,50.0,21.0,41.0,50.0,20.5,40.0,50.0,20.5,40.0,50.0
àTàOàNà,2022.0,5.31,2023.0,42.86,2018.17,44.53,2018.07,7.09,2013.88,1256.86,àTàoànàgàaà,2021.74,82.61,0.73,4.64,2021.74,6476230.46,25881.12,113384.59,83.34,15.5,2022.0,13563.55,49.0,244.0,80.25,117.0,245.0,52.46,77.99,155.0,50.01,68.99,137.0,50.01,97.49,194.0,50.0,24.0,47.0,50.0,20.5,40.0,50.0,21.0,41.0,50.0,20.5,40.0,50.0,20.5,40.0,50.0
àTàSàAà,2024.0,2.86,2024.0,32.78,2019.0,55.79,2019.0,-28.13,2016.0,770.91,àSàoàuàtàhà àAàsàiàaà à(àIàDàAà à&à àIàBàRàDà)à,2021.74,82.61,0.73,4.64,2021.74,6476230.46,25881.12,113384.59,83.34,15.5,2022.0,13563.55,199.0,244.0,18.52,138.0,245.0,43.85,95.0,155.0,38.96,94.0,137.0,31.62,134.0,194.0,31.09,24.0,47.0,50.0,20.5,40.0,50.0,21.0,41.0,50.0,20.5,40.0,50.0,20.5,40.0,50.0
àTàSàSà,2023.0,3.26,2021.0,9.27,2019.0,86.49,2019.0,-77.4,2013.88,1256.86,àSàuàbà-àSàaàhàaàràaànà àAàfàràiàcàaà à(àIàDàAà à&à àIàBàRàDà àcàoàuànàtàràiàeàsà)à,2021.74,82.61,0.73,4.64,2021.74,6476230.46,25881.12,113384.59,83.34,15.5,2022.0,13563.55,167.0,244.0,31.69,208.0,245.0,15.16,136.0,155.0,12.34,127.0,137.0,7.35,97.49,194.0,50.0,24.0,47.0,50.0,20.5,40.0,50.0,21.0,41.0,50.0,20.5,40.0,50.0,20.5,40.0,50.0
àTàTàOà,2023.0,3.23,2024.0,23.85,2016.0,20.64,2018.07,7.09,2013.88,1256.86,àTàràiànàiàdàaàdà àaànàdà àTàoàbàaàgàoà,2021.74,82.61,0.73,4.64,2021.74,6476230.46,25881.12,113384.59,83.34,15.5,2022.0,13563.55,173.0,244.0,29.22,154.0,245.0,37.3,55.0,155.0,64.94,68.99,137.0,50.01,97.49,194.0,50.0,24.0,47.0,50.0,20.5,40.0,50.0,21.0,41.0,50.0,20.5,40.0,50.0,20.5,40.0,50.0
àTàUàNà,2023.0,6.73,2023.0,38.12,2011.0,65.53,2011.0,-29.59,2015.0,1826.97,àTàuànàiàsàiàaà,2021.74,82.61,0.73,4.64,2021.74,6476230.46,25881.12,113384.59,83.34,15.5,2022.0,13563.55,18.0,244.0,93.0,124.0,245.0,49.59,104.0,155.0,33.12,97.0,137.0,29.41,43.0,194.0,78.24,24.0,47.0,50.0,20.5,40.0,50.0,21.0,41.0,50.0,20.5,40.0,50.0,20.5,40.0,50.0
àTàUàRà,2022.0,3.1,2023.0,105.89,2021.0,18.51,2021.0,107.25,2016.0,3659.52,àTàuàràkàiàyàeà,2022.0,2.69,0.69,3.41,2022.0,75711.56,19520.75,95995.8,78.87,20.34,2022.0,5305.41,186.0,244.0,23.87,10.0,245.0,96.31,53.0,155.0,66.23,1.0,137.0,100.0,3.0,194.0,98.96,44.0,47.0,6.52,23.0,40.0,43.59,31.0,41.0,25.0,29.0,40.0,28.21,36.0,40.0,10.26
àTàUàVà,2023.0,12.85,2023.0,19.35,2018.17,44.53,2018.07,7.09,2013.88,1256.86,àTàuàvàaàlàuà,2021.74,82.61,0.73,4.64,2021.74,6476230.46,25881.12,113384.59,83.34,15.5,2022.0,13563.55,3.0,244.0,99.18,171.0,245.0,30.33,77.99,155.0,50.01,68.99,137.0,50.01,97.49,194.0,50.0,24.0,47.0,50.0,20.5,40.0,50.0,21.0,41.0,50.0,20.5,40.0,50.0,20.5,40.0,50.0
àTàZàAà,2024.0,3.16,2024.0,4.02,2018.17,44.53,2018.07,7.09,2010.0,1351.12,àTàaànàzàaànàiàaà,2021.74,82.61,0.73,4.64,2021.74,6476230.46,25881.12,113384.59,83.34,15.5,2022.0,13563.55,183.0,244.0,25.1,233.0,245.0,4.92,77.99,155.0,50.01,68.99,137.0,50.01,78.0,194.0,60.1,24.0,47.0,50.0,20.5,40.0,50.0,21.0,41.0,50.0,20.5,40.0,50.0,20.5,40.0,50.0
àUàGàAà,2022.0,2.56,2014.0,4.62,2014.0,81.92,2014.0,-77.3,2012.0,342.91,àUàgàaànàdàaà,2021.74,82.61,0.73,4.64,2021.74,6476230.46,25881.12,113384.59,83.34,15.5,2022.0,13563.55,208.0,244.0,14.81,230.0,245.0,6.15,129.0,155.0,16.88,126.0,137.0,8.09,176.0,194.0,9.33,24.0,47.0,50.0,20.5,40.0,50.0,21.0,41.0,50.0,20.5,40.0,50.0,20.5,40.0,50.0
àUàKàRà,2021.0,5.14,2024.0,87.19,2007.0,27.88,2007.0,48.38,2017.0,2764.09,àUàkàràaàiànàeà,2021.74,82.61,0.73,4.64,2021.74,6476230.46,25881.12,113384.59,83.34,15.5,2022.0,13563.55,61.0,244.0,75.31,19.0,245.0,92.62,62.0,155.0,60.39,48.0,137.0,65.44,12.0,194.0,94.3,24.0,47.0,50.0,20.5,40.0,50.0,21.0,41.0,50.0,20.5,40.0,50.0,20.5,40.0,50.0
àUàRàYà,2023.0,4.76,2023.0,79.95,2019.0,43.62,2019.0,18.35,2017.0,1517.02,àUàràuàgàuàaàyà,2021.74,82.61,0.73,4.64,2021.74,6476230.46,25881.12,113384.59,83.34,15.5,2022.0,13563.55,78.0,244.0,68.31,35.0,245.0,86.07,79.0,155.0,49.35,59.0,137.0,57.35,65.0,194.0,66.84,24.0,47.0,50.0,20.5,40.0,50.0,21.0,41.0,50.0,20.5,40.0,50.0,20.5,40.0,50.0
àUàSàAà,2021.0,5.42,2022.0,79.36,2021.0,9.69,2021.0,75.16,2016.0,1726.02,àUànàiàtàeàdà àSàtàaàtàeàsà,2021.0,4.11,1.68,5.79,2021.0,885926.51,361599.22,1247525.73,71.01,28.99,2022.0,13563.55,43.0,244.0,82.72,37.0,245.0,85.25,33.0,155.0,79.22,18.0,137.0,87.5,49.0,194.0,75.13,20.0,47.0,58.7,38.0,40.0,5.13,37.0,41.0,10.0,36.0,40.0,10.26,20.5,40.0,50.0
àUàZàBà,2023.0,5.47,2025.0,59.81,2021.0,32.37,2021.0,-10.27,2013.88,1256.86,àUàzàbàeàkàiàsàtàaànà,2021.74,82.61,0.73,4.64,2021.74,6476230.46,25881.12,113384.59,83.34,15.5,2022.0,13563.55,37.0,244.0,85.19,77.0,245.0,68.85,66.0,155.0,57.79,84.0,137.0,38.97,97.49,194.0,50.0,24.0,47.0,50.0,20.5,40.0,50.0,21.0,41.0,50.0,20.5,40.0,50.0,20.5,40.0,50.0
àVàCàTà,2023.0,6.46,2022.0,41.5,2018.17,44.53,2018.07,7.09,2013.88,1256.86,àSàtà.à àVàiànàcàeànàtà àaànàdà àtàhàeà àGàràeànàaàdàiànàeàsà,2021.74,82.61,0.73,4.64,2021.74,6476230.46,25881.12,113384.59,83.34,15.5,2022.0,13563.55,21.0,244.0,91.77,119.0,245.0,51.64,77.99,155.0,50.01,68.99,137.0,50.01,97.49,194.0,50.0,24.0,47.0,50.0,20.5,40.0,50.0,21.0,41.0,50.0,20.5,40.0,50.0,20.5,40.0,50.0
àVàEàNà,2009.0,6.87,2009.0,78.27,2018.17,44.53,2018.07,7.09,2009.0,1605.53,"àVàeànàeàzàuàeàlàaà,à àRàBà",2021.74,82.61,0.73,4.64,2021.74,6476230.46,25881.12,113384.59,83.34,15.5,2022.0,13563.55,16.0,244.0,93.83,41.0,245.0,83.61,77.99,155.0,50.01,68.99,137.0,50.01,58.0,194.0,70.47,24.0,47.0,50.0,20.5,40.0,50.0,21.0,41.0,50.0,20.5,40.0,50.0,20.5,40.0,50.0
àVàGàBà,2023.0,3.17,2024.0,29.56,2018.17,44.53,2018.07,7.09,2015.0,1615.14,àBàràiàtàiàsàhà àVàiàràgàiànà àIàsàlàaànàdàsà,2021.74,82.61,0.73,4.64,2021.74,6476230.46,25881.12,113384.59,83.34,15.5,2022.0,13563.55,182.0,244.0,25.51,143.0,245.0,41.8,77.99,155.0,50.01,68.99,137.0,50.01,57.0,194.0,70.98,24.0,47.0,50.0,20.5,40.0,50.0,21.0,41.0,50.0,20.5,40.0,50.0,20.5,40.0,50.0
àVàIàRà,2021.72,4.23,1993.0,33.55,2018.17,44.53,2018.07,7.09,2013.88,1256.86,àVàiàràgàiànà àIàsàlàaànàdàsà à(àUà.àSà.à)à,2021.74,82.61,0.73,4.64,2021.74,6476230.46,25881.12,113384.59,83.34,15.5,2022.0,13563.55,122.42,244.0,50.03,135.0,245.0,45.08,77.99,155.0,50.01,68.99,137.0,50.01,97.49,194.0,50.0,24.0,47.0,50.0,20.5,40.0,50.0,21.0,41.0,50.0,20.5,40.0,50.0,20.5,40.0,50.0
àVàNàMà,2022.0,2.89,2024.0,37.59,2019.0,18.12,2019.0,12.1,2013.0,876.78,àVàiàeàtà àNàaàmà,2021.74,82.61,0.73,4.64,2021.74,6476230.46,25881.12,113384.59,83.34,15.5,2022.0,13563.55,196.0,244.0,19.75,128.0,245.0,47.95,50.0,155.0,68.18,65.0,137.0,52.94,118.0,194.0,39.38,24.0,47.0,50.0,20.5,40.0,50.0,21.0,41.0,50.0,20.5,40.0,50.0,20.5,40.0,50.0
àVàUàTà,2024.0,7.64,2004.0,4.88,2018.17,44.53,2018.07,7.09,2001.0,1183.26,àVàaànàuàaàtàuà,2021.74,82.61,0.73,4.64,2021.74,6476230.46,25881.12,113384.59,83.34,15.5,2022.0,13563.55,11.0,244.0,95.88,229.0,245.0,6.56,77.99,155.0,50.01,68.99,137.0,50.01,87.0,194.0,55.44,24.0,47.0,50.0,20.5,40.0,50.0,21.0,41.0,50.0,20.5,40.0,50.0,20.5,40.0,50.0
àWàLàDà,2023.0,3.57,2024.0,43.62,2019.0,48.25,2019.0,-9.58,2013.0,981.25,àWàoàràlàdà,2021.74,82.61,0.73,4.64,2021.74,6476230.46,25881.12,113384.59,83.34,15.5,2022.0,13563.55,145.0,244.0,40.74,113.0,245.0,54.1,84.0,155.0,46.1,83.0,137.0,39.71,105.0,194.0,46.11,24.0,47.0,50.0,20.5,40.0,50.0,21.0,41.0,50.0,20.5,40.0,50.0,20.5,40.0,50.0
àWàSàMà,2024.0,5.46,2024.0,16.03,2018.17,44.53,2018.07,7.09,2000.0,869.72,àSàaàmàoàaà,2021.74,82.61,0.73,4.64,2021.74,6476230.46,25881.12,113384.59,83.34,15.5,2022.0,13563.55,38.0,244.0,84.77,175.0,245.0,28.69,77.99,155.0,50.01,68.99,137.0,50.01,119.0,194.0,38.86,24.0,47.0,50.0,20.5,40.0,50.0,21.0,41.0,50.0,20.5,40.0,50.0,20.5,40.0,50.0
àXàKàXà,2021.72,4.23,2020.56,43.61,2021.0,37.92,2018.07,7.09,2013.88,1256.86,àKàoàsàoàvàoà,2021.74,82.61,0.73,4.64,2021.74,6476230.46,25881.12,113384.59,83.34,15.5,2022.0,13563.55,122.42,244.0,50.03,122.99,245.0,50.0,73.0,155.0,53.25,68.99,137.0,50.01,97.49,194.0,50.0,24.0,47.0,50.0,20.5,40.0,50.0,21.0,41.0,50.0,20.5,40.0,50.0,20.5,40.0,50.0
àYàEàMà,2008.0,5.15,2011.0,8.81,2011.0,94.66,2011.0,-85.85,2013.88,1256.86,"àYàeàmàeànà,à àRàeàpà.à",2021.74,82.61,0.73,4.64,2021.74,6476230.46,25881.12,113384.59,83.34,15.5,2022.0,13563.55,60.0,244.0,75.72,212.0,245.0,13.52,148.0,155.0,4.55,132.0,137.0,3.68,97.49,194.0,50.0,24.0,47.0,50.0,20.5,40.0,50.0,21.0,41.0,50.0,20.5,40.0,50.0,20.5,40.0,50.0
àZàAàFà,2024.0,6.02,2023.0,23.49,2021.0,82.02,2021.0,-59.67,2018.0,1072.35,àSàoàuàtàhà àAàfàràiàcàaà,2022.0,5.84,0.73,6.86,2022.0,47900.3,25881.12,56332.84,85.03,15.5,2022.0,4394.85,28.0,244.0,88.89,156.0,245.0,36.48,130.0,155.0,16.23,110.0,137.0,19.85,99.0,194.0,49.22,3.0,47.0,95.65,20.5,40.0,50.0,19.0,41.0,55.0,20.5,40.0,50.0,38.0,40.0,5.13
àZàMàBà,2023.0,4.07,2012.0,3.96,2019.0,98.5,2018.07,7.09,2013.88,1256.86,àZàaàmàbàiàaà,2021.74,82.61,0.73,4.64,2021.74,6476230.46,25881.12,113384.59,83.34,15.5,2022.0,13563.55,115.0,244.0,53.09,234.0,245.0,4.51,155.0,155.0,0.0,68.99,137.0,50.01,97.49,194.0,50.0,24.0,47.0,50.0,20.5,40.0,50.0,21.0,41.0,50.0,20.5,40.0,50.0,20.5,40.0,50.0
àZàWàEà,2023.0,0.38,2024.0,7.75,2018.17,44.53,2018.07,7.09,2013.0,1181.37,àZàiàmàbàaàbàwàeà,2021.74,82.61,0.73,4.64,2021.74,6476230.46,25881.12,113384.59,83.34,15.5,2022.0,13563.55,242.0,244.0,0.82,215.0,245.0,12.3,77.99,155.0,50.01,68.99,137.0,50.01,88.0,194.0,54.92,24.0,47.0,50.0,20.5,40.0,50.0,21.0,41.0,50.0,20.5,40.0,50.0,20.5,40.0,50.0
